key,status,error,timestamp,elapsed_s,beta,omega_q,theta,g,omega_min,omega_max,n_modes,n_cut,ordered_p00,ordered_coh,analytic_cont_p00,analytic_cont_coh,analytic_disc_p00,analytic_disc_coh,ed_p00,ed_coh,d_ed_ordered_p00,d_ed_cont_p00,d_ed_disc_p00,d_ed_ordered_coh,d_ed_cont_coh,d_ed_disc_coh
0.60000000|4,ok,,2026-02-20 11:54:48,0.006929099996341392,0.6,1.0,1.5707963267948966,0.5,0.2,1.8,3,4,0.3875258706128541,3.603038842269087e-18,0.38268212838759436,1.7976143567132074e-18,0.392896938869074,2.4455782082205422e-18,0.37719315582179913,6.633472536958871e-18,-0.010332714791054964,-0.005488972565795225,-0.015703783047274877,3.030433694689784e-18,4.835858180245664e-18,4.187894328738329e-18
1.18750000|4,ok,,2026-02-20 11:54:48,0.0062570999944000505,1.1875,1.0,1.5707963267948966,0.5,0.2,1.8,3,4,0.3306654583524356,2.2105796893250305e-17,0.3133858716823269,5.563158376707611e-18,0.3372932208935022,7.232366771025638e-18,0.32047255092313703,6.744471896906573e-18,-0.01019290742929857,0.007086679240810134,-0.016820669970365187,-1.5361324996343732e-17,1.1813135201989618e-18,-4.878948741190653e-19
1.77500000|4,ok,,2026-02-20 11:54:48,0.006492100001196377,1.775,1.0,1.5707963267948966,0.5,0.2,1.8,3,4,0.3012130823410807,4.694839690666928e-18,0.27198411074647777,1.019799248475258e-17,0.3065770987233778,1.2974994169727008e-17,0.29701073362286495,2.352179484214688e-19,-0.0042023487182157315,0.025026622876387183,-0.009566365100512841,-4.459621742245459e-18,-9.96277453633111e-18,-1.2739776221305539e-17
2.36250000|4,ok,,2026-02-20 11:54:48,0.005890899999940302,2.3625000000000003,1.0,1.5707963267948966,0.5,0.2,1.8,3,4,0.2846037740205399,4.207378073791339e-19,0.24959719854383494,1.5447894505341032e-17,0.29169450825995685,1.943008756026302e-17,0.28796238407583774,5.469042096521005e-18,0.0033586100552978615,0.0383651855320028,-0.003732124184119112,5.048304289141871e-18,-9.978852408820028e-18,-1.3961045463742018e-17
2.95000000|4,ok,,2026-02-20 11:54:48,0.006584900002053473,2.95,1.0,1.5707963267948966,0.5,0.2,1.8,3,4,0.27391922987787504,3.8294474375687935e-18,0.2415027821319609,2.1465649099527434e-17,0.28831913595556735,2.673237704652343e-17,0.2849464642023059,8.460959386982023e-18,0.011027234324430868,0.04344368207034499,-0.003372671753261447,4.63151194941323e-18,-1.3004689712545411e-17,-1.8271417659541408e-17
3.53750000|4,ok,,2026-02-20 11:54:48,0.005836899996211287,3.5375,1.0,1.5707963267948966,0.5,0.2,1.8,3,4,0.26608627215108943,7.565983560414363e-18,0.2448139194303957,2.8553159109865595e-17,0.2935739135808109,3.507580221628434e-17,0.2844059201177809,9.93987335066693e-18,0.018319647966691444,0.039592000687385165,-0.009167993463030044,2.373889790252567e-18,-1.8613285759198665e-17,-2.5135928865617408e-17
4.12500000|4,ok,,2026-02-20 11:54:48,0.006525199998577591,4.125,1.0,1.5707963267948966,0.5,0.2,1.8,3,4,0.2597662095174385,2.2591978025036506e-17,0.25707834514691663,3.693922891113898e-17,0.30477429023409697,4.4505353815051664e-17,0.2848559475700766,1.0407030365021457e-17,0.02508973805263809,0.027777602423159964,-0.019918342664020372,-1.218494766001505e-17,-2.653219854611752e-17,-3.4098323450030207e-17
4.71250000|4,ok,,2026-02-20 11:54:48,0.006251900005736388,4.7124999999999995,1.0,1.5707963267948966,0.5,0.2,1.8,3,4,0.2543821579298529,1.1333744021593488e-17,0.2754459989241644,4.6558886939786726e-17,0.3190808949313224,5.478555507720957e-17,0.28567348117372876,1.0178892259349344e-17,0.031291323243875846,0.010227482249564379,-0.03340741375759365,-1.1548517622441443e-18,-3.6379994680437384e-17,-4.4606662817860226e-17
5.30000000|4,ok,,2026-02-20 11:54:48,0.006364799999573734,5.3,1.0,1.5707963267948966,0.5,0.2,1.8,3,4,0.24969217937213253,1.0913138626251826e-18,0.29650300800909635,5.692494534621827e-17,0.3337221877102433,6.53978484965795e-17,0.2865938131027313,9.478948628511703e-18,0.036901633730598765,-0.009909194906365049,-0.047128374607512014,8.38763476588652e-18,-4.744599671770657e-17,-5.59188998680678e-17
5.88750000|4,ok,,2026-02-20 11:54:48,0.00585970000247471,5.8875,1.0,1.5707963267948966,0.5,0.2,1.8,3,4,0.24560148416207422,2.608647115197329e-18,0.3168144995422377,6.721655346853571e-17,0.34646431850002324,7.568033643828946e-17,0.2875039739061442,8.475874063139527e-18,0.04190248974406996,-0.029310525636093543,-0.058960344593879055,5.867226947942198e-18,-5.874067940539619e-17,-6.720446237514993e-17
6.47500000|4,ok,,2026-02-20 11:54:48,0.006196899994392879,6.475,1.0,1.5707963267948966,0.5,0.2,1.8,3,4,0.24207787204250775,1.1606821266487056e-17,0.3337484465229323,7.656447625106973e-17,0.3559538343514629,8.502777052925456e-17,0.2883567371940679,7.298208475630139e-18,0.046278865151560156,-0.04539170932886438,-0.06759709715739498,-4.3086127908569165e-18,-6.92662677754396e-17,-7.772956205362443e-17
7.06250000|4,ok,,2026-02-20 11:54:48,0.005946299999777693,7.0625,1.0,1.5707963267948966,0.5,0.2,1.8,3,4,0.2391126574187376,1.6734514059132634e-17,0.34595501107740967,8.433995790324362e-17,0.36173656291833123,9.303667383421671e-17,0.28913400039665127,6.042023381474416e-18,0.05002134297791366,-0.0568210106807584,-0.07260256252167996,-1.0692490677658218e-17,-7.82979345217692e-17,-8.699465045274228e-17
7.65000000|4,ok,,2026-02-20 11:54:48,0.0062254000004031695,7.65,1.0,1.5707963267948966,0.5,0.2,1.8,3,4,0.23670240231167153,2.862468064540775e-17,0.35327144032212215,9.027726488953595e-17,0.3640209913618967,9.954257147912145e-17,0.2898308242404071,4.776812584725933e-18,0.0531284219287356,-0.06344061608171503,-0.07419016712148957,-2.3847868060681817e-17,-8.550045230481002e-17,-9.476575889439551e-17
8.23750000|4,ok,,2026-02-20 11:54:48,0.006159799995657522,8.2375,1.0,1.5707963267948966,0.5,0.2,1.8,3,4,0.2348406130613933,7.140620013767063e-19,0.35628833412426697,9.442367848337935e-17,0.36336872458028585,1.045740083533748e-16,0.2904483170812308,3.5507743011779216e-18,0.0556077040198375,-0.06584001704303616,-0.07292040749905504,2.8367122998012152e-18,-9.087290418220144e-17,-1.0102323405219688e-16
8.82500000|4,ok,,2026-02-20 11:54:48,0.006522099996800534,8.825,1.0,1.5707963267948966,0.5,0.2,1.8,3,4,0.23351442403642175,2.7648264857725704e-17,0.35590169826478957,9.701282804784932e-17,0.3604448753854378,1.082762896925177e-16,0.290990381506136,2.395537427728301e-18,0.057475957469714234,-0.06491131675865358,-0.0694544938793018,-2.5252727429997404e-17,-9.461729062012102e-17,-1.0588075226478939e-16
9.41250000|4,ok,,2026-02-20 11:54:48,0.006169300002511591,9.4125,1.0,1.5707963267948966,0.5,0.2,1.8,3,4,0.23270385441565258,2.598158044865964e-17,0.3530126982799844,9.834644306898121e-17,0.3558691657697027,1.1084351291690658e-16,0.29146217707429795,1.3302165731912107e-18,0.05875832265864536,-0.06155052120568644,-0.06440698869540473,-2.465136387546843e-17,-9.701622649579e-17,-1.0951329634371537e-16
10.00000000|4,ok,,2026-02-20 11:54:48,0.0064181000052485615,10.0,1.0,1.5707963267948966,0.5,0.2,1.8,3,4,0.23238239127735477,2.752983747453254e-18,0.3483839536000921,9.87183398311614e-17,0.3501516689830547,1.1247337847465748e-16,0.2918693605481342,3.6474603007762856e-19,0.059486969270779455,-0.056514593051957884,-0.05828230843492049,-2.3882377173756255e-18,-9.835359380108378e-17,-1.1210863244457985e-16
0.60000000|5,ok,,2026-02-20 11:54:48,0.02043250000133412,0.6,1.0,1.5707963267948966,0.5,0.2,1.8,3,5,0.3875258706128541,3.603038842269087e-18,0.38268212838759436,1.7976143567132074e-18,0.392896938869074,2.4455782082205422e-18,0.38034074117644356,8.597196980848881e-18,-0.007185129436410531,-0.0023413872111507916,-0.012556197692630444,4.994158138579794e-18,6.799582624135674e-18,6.15161877262834e-18
1.18750000|5,ok,,2026-02-20 11:54:48,0.02057940000668168,1.1875,1.0,1.5707963267948966,0.5,0.2,1.8,3,5,0.3306654583524356,2.2105796893250305e-17,0.3133858716823269,5.563158376707611e-18,0.3372932208935022,7.232366771025638e-18,0.32705290420813005,5.907752862335145e-18,-0.0036125541443055575,0.013667032525803147,-0.010240316685372175,-1.619804403091516e-17,3.445944856275337e-19,-1.3246139086904934e-18
1.77500000|5,ok,,2026-02-20 11:54:48,0.01966790000005858,1.775,1.0,1.5707963267948966,0.5,0.2,1.8,3,5,0.3012130823410807,4.694839690666928e-18,0.27198411074647777,1.019799248475258e-17,0.3065770987233778,1.2974994169727008e-17,0.3060166645095331,6.831685918486226e-19,0.004803582168452392,0.03403255376305531,-0.0005604342138447183,-4.0116710988183056e-18,-9.514823892903957e-18,-1.2291825577878386e-17
2.36250000|5,ok,,2026-02-20 11:54:48,0.01962459999776911,2.3625000000000003,1.0,1.5707963267948966,0.5,0.2,1.8,3,5,0.2846037740205399,4.207378073791339e-19,0.24959719854383494,1.5447894505341032e-17,0.29169450825995685,1.943008756026302e-17,0.29868550566003105,5.904149938716526e-18,0.014081731639491168,0.049088307116196106,0.006990997400074195,5.483412131337392e-18,-9.543744566624505e-18,-1.3525937621546495e-17
2.95000000|5,ok,,2026-02-20 11:54:48,0.019303200002468657,2.95,1.0,1.5707963267948966,0.5,0.2,1.8,3,5,0.27391922987787504,3.8294474375687935e-18,0.2415027821319609,2.1465649099527434e-17,0.28831913595556735,2.673237704652343e-17,0.2967855728948455,9.988196594690114e-18,0.022866343016970436,0.05528279076288456,0.008466436939278121,6.158749157121321e-18,-1.147745250483732e-17,-1.6744180451833317e-17
3.53750000|5,ok,,2026-02-20 11:54:48,0.019182000003638677,3.5375,1.0,1.5707963267948966,0.5,0.2,1.8,3,5,0.26608627215108943,7.565983560414363e-18,0.2448139194303957,2.8553159109865595e-17,0.2935739135808109,3.507580221628434e-17,0.29696093179953514,1.3884372287858535e-17,0.030874659648445713,0.052147012369139434,0.003387018218724225,6.318388727444172e-18,-1.466878682200706e-17,-2.1191429928425803e-17
4.12500000|5,ok,,2026-02-20 11:54:48,0.019494400003168266,4.125,1.0,1.5707963267948966,0.5,0.2,1.8,3,5,0.2597662095174385,2.2591978025036506e-17,0.25707834514691663,3.693922891113898e-17,0.30477429023409697,4.4505353815051664e-17,0.2978947570377404,1.8203645543912194e-17,0.03812854752030187,0.040816411890823745,-0.006879533196356591,-4.388332481124312e-18,-1.8735583367226783e-17,-2.630170827113947e-17
4.71250000|5,ok,,2026-02-20 11:54:48,0.020176500001980457,4.7124999999999995,1.0,1.5707963267948966,0.5,0.2,1.8,3,5,0.2543821579298529,1.1333744021593488e-17,0.2754459989241644,4.6558886939786726e-17,0.3190808949313224,5.478555507720957e-17,0.29906826760139893,2.3195206537010736e-17,0.044686109671546015,0.023622268677234548,-0.020012627329923482,1.1861462515417248e-17,-2.336368040277599e-17,-3.159034854019883e-17
5.30000000|5,ok,,2026-02-20 11:54:48,0.01936589999968419,5.3,1.0,1.5707963267948966,0.5,0.2,1.8,3,5,0.24969217937213253,1.0913138626251826e-18,0.29650300800909635,5.692494534621827e-17,0.3337221877102433,6.53978484965795e-17,0.30027485034816864,2.888903230406448e-17,0.05058267097603611,0.0037718423390722955,-0.03344733736207467,2.7797718441439295e-17,-2.8035913042153795e-17,-3.650881619251502e-17
5.88750000|5,ok,,2026-02-20 11:54:48,0.019964899998740293,5.8875,1.0,1.5707963267948966,0.5,0.2,1.8,3,5,0.24560148416207422,2.608647115197329e-18,0.3168144995422377,6.721655346853571e-17,0.34646431850002324,7.568033643828946e-17,0.30143268920469296,3.521124570486931e-17,0.05583120504261874,-0.015381810337544766,-0.04503162929533028,3.260259858967198e-17,-3.2005307763666406e-17,-4.046909073342015e-17
6.47500000|5,ok,,2026-02-20 11:54:48,0.019491700004437007,6.475,1.0,1.5707963267948966,0.5,0.2,1.8,3,5,0.24207787204250775,1.1606821266487056e-17,0.3337484465229323,7.656447625106973e-17,0.3559538343514629,8.502777052925456e-17,0.3025110759963804,4.205087799094143e-17,0.06043320395387264,-0.0312373705265519,-0.0534427583550825,3.0444056724454375e-17,-3.45135982601283e-17,-4.2976892538313134e-17
7.06250000|5,ok,,2026-02-20 11:54:48,0.019177700000000186,7.0625,1.0,1.5707963267948966,0.5,0.2,1.8,3,5,0.2391126574187376,1.6734514059132634e-17,0.34595501107740967,8.433995790324362e-17,0.36173656291833123,9.303667383421671e-17,0.30350061292892727,4.9292865581797315e-17,0.06438795551018967,-0.0424543981484824,-0.05823594998940396,3.255835152266468e-17,-3.5047092321446305e-17,-4.374380825241939e-17
7.65000000|5,ok,,2026-02-20 11:54:48,0.020649399993999396,7.65,1.0,1.5707963267948966,0.5,0.2,1.8,3,5,0.23670240231167153,2.862468064540775e-17,0.35327144032212215,9.027726488953595e-17,0.3640209913618967,9.954257147912145e-17,0.3044008740691047,5.683235305504233e-17,0.06769847175743318,-0.048870566253017445,-0.059620117292791985,2.8207672409634584e-17,-3.344491183449362e-17,-4.2710218424079115e-17
8.23750000|5,ok,,2026-02-20 11:54:49,0.019719700001587626,8.2375,1.0,1.5707963267948966,0.5,0.2,1.8,3,5,0.2348406130613933,7.140620013767063e-19,0.35628833412426697,9.442367848337935e-17,0.36336872458028585,1.045740083533748e-16,0.30521520957372034,6.457969434595927e-17,0.07037459651232703,-0.051073124550546634,-0.058153515006565515,6.386563234458256e-17,-2.9843984137420085e-17,-3.999431400741553e-17
8.82500000|5,ok,,2026-02-20 11:54:49,0.01919320000160951,8.825,1.0,1.5707963267948966,0.5,0.2,1.8,3,5,0.23351442403642175,2.7648264857725704e-17,0.35590169826478957,9.701282804784932e-17,0.3604448753854378,1.082762896925177e-16,0.30594852803213507,7.246113765435613e-17,0.07243410399571332,-0.0499531702326545,-0.05449634735330272,4.481287279663043e-17,-2.455169039349319e-17,-3.581515203816156e-17
9.41250000|5,ok,,2026-02-20 11:54:49,0.0197935000032885,9.4125,1.0,1.5707963267948966,0.5,0.2,1.8,3,5,0.23270385441565258,2.598158044865964e-17,0.3530126982799844,9.834644306898121e-17,0.3558691657697027,1.1084351291690658e-16,0.30660633175517843,8.04176548574485e-17,0.07390247733952585,-0.04640636652480595,-0.04926283401452425,5.4436074408788855e-17,-1.7928788211532715e-17,-3.0425858059458085e-17
10.00000000|5,ok,,2026-02-20 11:54:49,0.01919320000160951,10.0,1.0,1.5707963267948966,0.5,0.2,1.8,3,5,0.23238239127735477,2.752983747453254e-18,0.3483839536000921,9.87183398311614e-17,0.3501516689830547,1.1247337847465748e-16,0.3071942807641866,8.840308645118972e-17,0.07481188948683182,-0.04118967283590552,-0.04295738821886813,8.565010270373647e-17,-1.0315253379971682e-17,-2.4070292023467763e-17
0.60000000|6,ok,,2026-02-20 11:54:49,0.06904199999553384,0.6,1.0,1.5707963267948966,0.5,0.2,1.8,3,6,0.3875258706128541,3.603038842269087e-18,0.38268212838759436,1.7976143567132074e-18,0.392896938869074,2.4455782082205422e-18,0.3825950968339922,1.6326811982956745e-17,-0.004930773778861919,-8.703155360217929e-05,-0.010301842035081832,1.2723773140687658e-17,1.452919762624354e-17,1.3881233774736203e-17
1.18750000|6,ok,,2026-02-20 11:54:49,0.07141640000190819,1.1875,1.0,1.5707963267948966,0.5,0.2,1.8,3,6,0.3306654583524356,2.2105796893250305e-17,0.3133858716823269,5.563158376707611e-18,0.3372932208935022,7.232366771025638e-18,0.33166763010887346,2.9980204521556597e-17,0.001002171756437853,0.018281758426546557,-0.0056255907846287645,7.874407628306292e-18,2.4417046144848986e-17,2.274783775053096e-17
1.77500000|6,ok,,2026-02-20 11:54:49,0.06985840000561439,1.775,1.0,1.5707963267948966,0.5,0.2,1.8,3,6,0.3012130823410807,4.694839690666928e-18,0.27198411074647777,1.019799248475258e-17,0.3065770987233778,1.2974994169727008e-17,0.3124568599124831,2.7264157528055692e-17,0.011243777571402436,0.04047274916600535,0.005879761189105326,2.2569317837388764e-17,1.7066165043303114e-17,1.4289163358328684e-17
2.36250000|6,ok,,2026-02-20 11:54:49,0.06913540000095963,2.3625000000000003,1.0,1.5707963267948966,0.5,0.2,1.8,3,6,0.2846037740205399,4.207378073791339e-19,0.24959719854383494,1.5447894505341032e-17,0.29169450825995685,1.943008756026302e-17,0.30626826196136514,1.737111755440068e-17,0.02166448794082526,0.0566710634175302,0.014573753701408287,1.6950379747021548e-17,1.9232230490596497e-18,-2.05897000586234e-18
2.95000000|6,ok,,2026-02-20 11:54:49,0.06948600000032457,2.95,1.0,1.5707963267948966,0.5,0.2,1.8,3,6,0.27391922987787504,3.8294474375687935e-18,0.2415027821319609,2.1465649099527434e-17,0.28831913595556735,2.673237704652343e-17,0.30495795656279806,5.717743546276462e-18,0.031038726684923024,0.06345517443083715,0.01663882060723071,1.8882961087076688e-18,-1.5747905553250973e-17,-2.101463350024697e-17
3.53750000|6,ok,,2026-02-20 11:54:49,0.06868029999895953,3.5375,1.0,1.5707963267948966,0.5,0.2,1.8,3,6,0.26608627215108943,7.565983560414363e-18,0.2448139194303957,2.8553159109865595e-17,0.2935739135808109,3.507580221628434e-17,0.3054032775100334,6.0768175597872925e-18,0.039317005358943946,0.06058935807963767,0.011829363929222458,-1.4891660006270706e-18,-2.2476341550078303e-17,-2.8998984656497046e-17
4.12500000|6,ok,,2026-02-20 11:54:49,0.06834949999756645,4.125,1.0,1.5707963267948966,0.5,0.2,1.8,3,6,0.2597662095174385,2.2591978025036506e-17,0.25707834514691663,3.693922891113898e-17,0.30477429023409697,4.4505353815051664e-17,0.30644652822618335,1.7674692622070652e-17,0.04668031870874484,0.049368183079266714,0.0016722379920863784,-4.917285402965854e-18,-1.9264536289068325e-17,-2.683066119298101e-17
4.71250000|6,ok,,2026-02-20 11:54:49,0.06870709999930114,4.7124999999999995,1.0,1.5707963267948966,0.5,0.2,1.8,3,6,0.2543821579298529,1.1333744021593488e-17,0.2754459989241644,4.6558886939786726e-17,0.3190808949313224,5.478555507720957e-17,0.3076550791221469,2.9051527124081864e-17,0.05327292119229399,0.03220908019798252,-0.01142581580917551,1.7717783102488375e-17,-1.7507359815704862e-17,-2.5734027953127704e-17
5.30000000|6,ok,,2026-02-20 11:54:49,0.06935209999937797,5.3,1.0,1.5707963267948966,0.5,0.2,1.8,3,6,0.24969217937213253,1.0913138626251826e-18,0.29650300800909635,5.692494534621827e-17,0.3337221877102433,6.53978484965795e-17,0.30886559348358616,4.02332883996275e-17,0.05917341411145363,0.012362585474489818,-0.024856594226657147,3.9141974537002314e-17,-1.6691656946590776e-17,-2.5164560096952e-17
5.88750000|6,ok,,2026-02-20 11:54:49,0.07189970000035828,5.8875,1.0,1.5707963267948966,0.5,0.2,1.8,3,6,0.24560148416207422,2.608647115197329e-18,0.3168144995422377,6.721655346853571e-17,0.34646431850002324,7.568033643828946e-17,0.3100174105330973,5.124410416363886e-17,0.06441592637102306,-0.0067970890091404446,-0.03644690796692596,4.863545704844153e-17,-1.5972449304896853e-17,-2.4436232274650595e-17
6.47500000|6,ok,,2026-02-20 11:54:49,0.06859729999996489,6.475,1.0,1.5707963267948966,0.5,0.2,1.8,3,6,0.24207787204250775,1.1606821266487056e-17,0.3337484465229323,7.656447625106973e-17,0.3559538343514629,8.502777052925456e-17,0.31108995674571566,6.210266799176584e-17,0.06901208470320791,-0.02265848977721663,-0.04486387760574723,5.049584672527879e-17,-1.446180825930389e-17,-2.292510253748872e-17
7.06250000|6,ok,,2026-02-20 11:54:49,0.06890250000287779,7.0625,1.0,1.5707963267948966,0.5,0.2,1.8,3,6,0.2391126574187376,1.6734514059132634e-17,0.34595501107740967,8.433995790324362e-17,0.36173656291833123,9.303667383421671e-17,0.31207848933811794,7.282500856173909e-17,0.07296583191938033,-0.03387652173929173,-0.04965807358021329,5.609049450260646e-17,-1.1514949341504532e-17,-2.0211665272477618e-17
7.65000000|6,ok,,2026-02-20 11:54:49,0.07020799999736482,7.65,1.0,1.5707963267948966,0.5,0.2,1.8,3,6,0.23670240231167153,2.862468064540775e-17,0.35327144032212215,9.027726488953595e-17,0.3640209913618967,9.954257147912145e-17,0.31298448453312555,8.342593108053082e-17,0.07628208222145402,-0.0402869557889966,-0.051036506828771144,5.480125043512307e-17,-6.8513338090051286e-18,-1.6116640398590626e-17
8.23750000|6,ok,,2026-02-20 11:54:50,0.06909509999968577,8.2375,1.0,1.5707963267948966,0.5,0.2,1.8,3,6,0.2348406130613933,7.140620013767063e-19,0.35628833412426697,9.442367848337935e-17,0.36336872458028585,1.045740083533748e-16,0.3138117927500251,9.391915846832389e-17,0.07897117968863177,-0.042476541374241894,-0.049556931830260775,9.320509646694717e-17,-5.045200150554675e-19,-1.0654849885050911e-17
8.82500000|6,ok,,2026-02-20 11:54:50,0.06944079999811947,8.825,1.0,1.5707963267948966,0.5,0.2,1.8,3,6,0.23351442403642175,2.7648264857725704e-17,0.35590169826478957,9.701282804784932e-17,0.3604448753854378,1.082762896925177e-16,0.3145651023294059,1.043170399822029e-16,0.08105067829298412,-0.04133659593538369,-0.045879773056031914,7.66687751244772e-17,7.304211934353583e-18,-3.959249710314788e-18
9.41250000|6,ok,,2026-02-20 11:54:50,0.06866309999895748,9.4125,1.0,1.5707963267948966,0.5,0.2,1.8,3,6,0.23270385441565258,2.598158044865964e-17,0.3530126982799844,9.834644306898121e-17,0.3558691657697027,1.1084351291690658e-16,0.31524932804453204,1.1463030701485113e-16,0.08254547362887946,-0.03776337023545234,-0.04061983772517064,8.864872656619149e-17,1.628386394586992e-17,3.78679409794455e-18
10.00000000|6,ok,,2026-02-20 11:54:50,0.06949950000125682,10.0,1.0,1.5707963267948966,0.5,0.2,1.8,3,6,0.23238239127735477,2.752983747453254e-18,0.3483839536000921,9.87183398311614e-17,0.3501516689830547,1.1247337847465748e-16,0.31586936514538205,1.2486801272606945e-16,0.08348697386802728,-0.03251458845471006,-0.03428230383767267,1.221150289786162e-16,2.6149672894908047e-17,1.2394634251411966e-17
0.60000000|7,ok,,2026-02-20 11:54:50,0.21070690000487957,0.6,1.0,1.5707963267948966,0.5,0.2,1.8,3,7,0.3875258706128541,3.603038842269087e-18,0.38268212838759436,1.7976143567132074e-18,0.392896938869074,2.4455782082205422e-18,0.3842921654021838,1.6940052237379186e-17,-0.00323370521067029,0.0016100370145894494,-0.008604773466890203,1.3337013395110098e-17,1.514243788066598e-17,1.4494474029158644e-17
1.18750000|7,ok,,2026-02-20 11:54:50,0.210478900000453,1.1875,1.0,1.5707963267948966,0.5,0.2,1.8,3,7,0.3306654583524356,2.2105796893250305e-17,0.3133858716823269,5.563158376707611e-18,0.3372932208935022,7.232366771025638e-18,0.33522726322979335,4.273579454986388e-17,0.004561804877357745,0.02184139154746645,-0.002065957663708873,2.0629997656613575e-17,3.717263617315627e-17,3.550342777883824e-17
1.77500000|7,ok,,2026-02-20 11:54:50,0.21190190000197617,1.775,1.0,1.5707963267948966,0.5,0.2,1.8,3,7,0.3012130823410807,4.694839690666928e-18,0.27198411074647777,1.019799248475258e-17,0.3065770987233778,1.2974994169727008e-17,0.317440011474308,4.976701043987086e-17,0.01622692913322732,0.045455900727830234,0.01086291275093021,4.507217074920393e-17,3.956901795511828e-17,3.679201627014385e-17
2.36250000|7,ok,,2026-02-20 11:54:50,0.21148209999955725,2.3625000000000003,1.0,1.5707963267948966,0.5,0.2,1.8,3,7,0.2846037740205399,4.207378073791339e-19,0.24959719854383494,1.5447894505341032e-17,0.29169450825995685,1.943008756026302e-17,0.3119654498853619,4.732737287422261e-17,0.02736167586482202,0.06236825134152696,0.020270941625405048,4.690663506684348e-17,3.187947836888158e-17,2.789728531395959e-17
2.95000000|7,ok,,2026-02-20 11:54:51,0.21192499999597203,2.95,1.0,1.5707963267948966,0.5,0.2,1.8,3,7,0.27391922987787504,3.8294474375687935e-18,0.2415027821319609,2.1465649099527434e-17,0.28831913595556735,2.673237704652343e-17,0.310888089712446,4.315391950867559e-17,0.03696885983457099,0.06938530758048511,0.022568953756878674,3.9324472071106796e-17,2.1688270409148158e-17,1.642154246215216e-17
3.53750000|7,ok,,2026-02-20 11:54:51,0.2149476999984472,3.5375,1.0,1.5707963267948966,0.5,0.2,1.8,3,7,0.26608627215108943,7.565983560414363e-18,0.2448139194303957,2.8553159109865595e-17,0.2935739135808109,3.507580221628434e-17,0.3113319719733793,4.046756052103387e-17,0.045245699822289875,0.0665180525429836,0.017758058392568388,3.29015769606195e-17,1.1914401411168272e-17,5.391758304749529e-18
4.12500000|7,ok,,2026-02-20 11:54:51,0.2118694000018877,4.125,1.0,1.5707963267948966,0.5,0.2,1.8,3,7,0.2597662095174385,2.2591978025036506e-17,0.25707834514691663,3.693922891113898e-17,0.30477429023409697,4.4505353815051664e-17,0.31227645475784876,4.0426702742943515e-17,0.05251024524041026,0.05519810961093213,0.0075021645237517975,1.783472471790701e-17,3.487473831804538e-18,-4.078651072108149e-18
4.71250000|7,ok,,2026-02-20 11:54:51,0.21477280000544852,4.7124999999999995,1.0,1.5707963267948966,0.5,0.2,1.8,3,7,0.2543821579298529,1.1333744021593488e-17,0.2754459989241644,4.6558886939786726e-17,0.3190808949313224,5.478555507720957e-17,0.3133532558237316,4.343772029839984e-17,0.058971097893878666,0.0379072568995672,-0.005727639107590832,3.210397627680635e-17,-3.121166641386887e-18,-1.1347834778809729e-17
5.30000000|7,ok,,2026-02-20 11:54:52,0.21568809999735095,5.3,1.0,1.5707963267948966,0.5,0.2,1.8,3,7,0.24969217937213253,1.0913138626251826e-18,0.29650300800909635,5.692494534621827e-17,0.3337221877102433,6.53978484965795e-17,0.3144275719148571,4.95896245202588e-17,0.06473539254272456,0.01792456390576075,-0.019294615795386216,4.849831065763362e-17,-7.335320825959472e-18,-1.5808223976320697e-17
5.88750000|7,ok,,2026-02-20 11:54:52,0.21109660000365693,5.8875,1.0,1.5707963267948966,0.5,0.2,1.8,3,7,0.24560148416207422,2.608647115197329e-18,0.3168144995422377,6.721655346853571e-17,0.34646431850002324,7.568033643828946e-17,0.31545090977798784,5.879454180044827e-17,0.06984942561591362,-0.001363589764249884,-0.031013408722035396,5.618589468525094e-17,-8.422011668087447e-18,-1.6885794637841188e-17
6.47500000|7,ok,,2026-02-20 11:54:52,0.21160560000134865,6.475,1.0,1.5707963267948966,0.5,0.2,1.8,3,7,0.24207787204250775,1.1606821266487056e-17,0.3337484465229323,7.656447625106973e-17,0.3559538343514629,8.502777052925456e-17,0.31640748218039794,7.085266801859076e-17,0.07432961013789019,-0.01734096434253435,-0.03954635217106495,5.92458467521037e-17,-5.711808232478976e-18,-1.4175102510663807e-17
7.06250000|7,ok,,2026-02-20 11:54:52,0.2134726000003866,7.0625,1.0,1.5707963267948966,0.5,0.2,1.8,3,7,0.2391126574187376,1.6734514059132634e-17,0.34595501107740967,8.433995790324362e-17,0.36173656291833123,9.303667383421671e-17,0.3172939886662944,8.549638899093074e-17,0.07818133124755677,-0.02866102241111529,-0.04444257425203685,6.876187493179811e-17,1.1564310876871156e-18,-7.54028484328597e-18
7.65000000|7,ok,,2026-02-20 11:54:52,0.21361289999913424,7.65,1.0,1.5707963267948966,0.5,0.2,1.8,3,7,0.23670240231167153,2.862468064540775e-17,0.35327144032212215,9.027726488953595e-17,0.3640209913618967,9.954257147912145e-17,0.3181118279363323,1.0242370317822843e-16,0.08140942562466078,-0.03515961238578985,-0.04590916342556439,7.379902253282068e-17,1.2146438288692482e-17,2.881131699106984e-18
8.23750000|7,ok,,2026-02-20 11:54:53,0.21324960000492865,8.2375,1.0,1.5707963267948966,0.5,0.2,1.8,3,7,0.2348406130613933,7.140620013767063e-19,0.35628833412426697,9.442367848337935e-17,0.36336872458028585,1.045740083533748e-16,0.3188640915600757,1.213228100023047e-16,0.08402347849868241,-0.037424242564191246,-0.04450463302021013,1.20608748000928e-16,2.6899131518925357e-17,1.6748801648929913e-17
8.82500000|7,ok,,2026-02-20 11:54:53,0.21327739999833284,8.825,1.0,1.5707963267948966,0.5,0.2,1.8,3,7,0.23351442403642175,2.7648264857725704e-17,0.35590169826478957,9.701282804784932e-17,0.3604448753854378,1.082762896925177e-16,0.3195544218943489,1.4188914288057113e-16,0.08603999785792715,-0.03634727637044066,-0.040890453491088885,1.1424087802284542e-16,4.487631483272181e-17,3.361285318805344e-17
9.41250000|7,ok,,2026-02-20 11:54:53,0.21293149999837624,9.4125,1.0,1.5707963267948966,0.5,0.2,1.8,3,7,0.23270385441565258,2.598158044865964e-17,0.3530126982799844,9.834644306898121e-17,0.3558691657697027,1.1084351291690658e-16,0.3201865905957491,1.6383635352838716e-16,0.08748273618009653,-0.03282610768423527,-0.03568257517395357,1.378547730797275e-16,6.548991045940595e-17,5.299284061148058e-17
10.00000000|7,ok,,2026-02-20 11:54:53,0.21190159999969183,10.0,1.0,1.5707963267948966,0.5,0.2,1.8,3,7,0.23238239127735477,2.752983747453254e-18,0.3483839536000921,9.87183398311614e-17,0.3501516689830547,1.1247337847465748e-16,0.3207643464573037,1.8690273138061384e-16,0.0883819551799489,-0.027619607142788438,-0.029387322525751047,1.8414974763316057e-16,8.818439154945243e-17,7.442935290595635e-17
0.60000000|8,ok,,2026-02-20 11:54:53,0.5921268000020063,0.6,1.0,1.5707963267948966,0.5,0.2,1.8,3,8,0.3875258706128541,3.603038842269087e-18,0.38268212838759436,1.7976143567132074e-18,0.392896938869074,2.4455782082205422e-18,0.38562937406304615,4.2170050936145115e-19,-0.0018964965498079467,0.002947245675451793,-0.00726756480602786,-3.181338332907636e-18,-1.3759138473517562e-18,-2.023877698859091e-18
1.18750000|8,ok,,2026-02-20 11:54:54,0.5919638000050327,1.1875,1.0,1.5707963267948966,0.5,0.2,1.8,3,8,0.3306654583524356,2.2105796893250305e-17,0.3133858716823269,5.563158376707611e-18,0.3372932208935022,7.232366771025638e-18,0.33813689947889675,1.3804385877310996e-17,0.0074714411264611424,0.024751027796569847,0.000843678585394525,-8.30141101593931e-18,8.241227500603385e-18,6.572019106285358e-18
1.77500000|8,ok,,2026-02-20 11:54:55,0.5904953999997815,1.775,1.0,1.5707963267948966,0.5,0.2,1.8,3,8,0.3012130823410807,4.694839690666928e-18,0.27198411074647777,1.019799248475258e-17,0.3065770987233778,1.2974994169727008e-17,0.32142865914297486,3.3897328534601086e-17,0.020215576801894175,0.04944454839649709,0.014851560419597065,2.920248884393416e-17,2.3699336049848508e-17,2.0922334364874078e-17
2.36250000|8,ok,,2026-02-20 11:54:55,0.5944340000060038,2.3625000000000003,1.0,1.5707963267948966,0.5,0.2,1.8,3,8,0.2846037740205399,4.207378073791339e-19,0.24959719854383494,1.5447894505341032e-17,0.29169450825995685,1.943008756026302e-17,0.3163361947294725,4.921757388245776e-17,0.03173242070893262,0.06673899618563756,0.024641686469515645,4.8796836075078626e-17,3.3769679377116724e-17,2.9787486322194734e-17
2.95000000|8,ok,,2026-02-20 11:54:56,0.6314392999993288,2.95,1.0,1.5707963267948966,0.5,0.2,1.8,3,8,0.27391922987787504,3.8294474375687935e-18,0.2415027821319609,2.1465649099527434e-17,0.28831913595556735,2.673237704652343e-17,0.3152541072372404,5.985929088048079e-17,0.04133487735936536,0.07375132510527949,0.026934971281673048,5.6029843442912e-17,3.839364178095336e-17,3.3126913833957366e-17
3.53750000|8,ok,,2026-02-20 11:54:57,0.5879159999967669,3.5375,1.0,1.5707963267948966,0.5,0.2,1.8,3,8,0.26608627215108943,7.565983560414363e-18,0.2448139194303957,2.8553159109865595e-17,0.2935739135808109,3.507580221628434e-17,0.31553808640795394,6.797550868019879e-17,0.04945181425686451,0.07072416697755823,0.021964172827143025,6.040952511978443e-17,3.94223495703332e-17,3.2899706463914456e-17
4.12500000|8,ok,,2026-02-20 11:54:57,0.5839077999989968,4.125,1.0,1.5707963267948966,0.5,0.2,1.8,3,8,0.2597662095174385,2.2591978025036506e-17,0.25707834514691663,3.693922891113898e-17,0.30477429023409697,4.4505353815051664e-17,0.3162754997550891,7.472225969221997e-17,0.05650929023765061,0.059197154608172486,0.01150120952099215,5.2130281667183464e-17,3.7783030781080996e-17,3.021690587716831e-17
4.71250000|8,ok,,2026-02-20 11:54:58,0.5886635999995633,4.7124999999999995,1.0,1.5707963267948966,0.5,0.2,1.8,3,8,0.2543821579298529,1.1333744021593488e-17,0.2754459989241644,4.6558886939786726e-17,0.3190808949313224,5.478555507720957e-17,0.3171420917989451,8.052032035680945e-17,0.06275993386909218,0.04169609287478071,-0.0019388031323773203,6.918657633521596e-17,3.396143341702272e-17,2.5734765279599878e-17
5.30000000|8,ok,,2026-02-20 11:54:58,0.5883239000031608,5.3,1.0,1.5707963267948966,0.5,0.2,1.8,3,8,0.24969217937213253,1.0913138626251826e-18,0.29650300800909635,5.692494534621827e-17,0.3337221877102433,6.53978484965795e-17,0.31801965897200185,8.550928841116722e-17,0.06832747959986932,0.021516650962905504,-0.01570252873824146,8.441797454854203e-17,2.8584343064948945e-17,2.011143991458772e-17
5.88750000|8,ok,,2026-02-20 11:54:59,0.5865035000024363,5.8875,1.0,1.5707963267948966,0.5,0.2,1.8,3,8,0.24560148416207422,2.608647115197329e-18,0.3168144995422377,6.721655346853571e-17,0.34646431850002324,7.568033643828946e-17,0.318865081899519,8.976047442175288e-17,0.07326359773744479,0.002050582357281283,-0.02759923660050423,8.715182730655555e-17,2.2543920953217168e-17,1.4080137983463426e-17
6.47500000|8,ok,,2026-02-20 11:54:59,0.5931073999963701,6.475,1.0,1.5707963267948966,0.5,0.2,1.8,3,8,0.24207787204250775,1.1606821266487056e-17,0.3337484465229323,7.656447625106973e-17,0.3559538343514629,8.502777052925456e-17,0.31966341596938264,9.334250014945227e-17,0.07758554392687489,-0.014085030553549649,-0.03629041838208025,8.173567888296522e-17,1.677802389838254e-17,8.314729620197708e-18
7.06250000|8,ok,,2026-02-20 11:55:00,0.6031703999979072,7.0625,1.0,1.5707963267948966,0.5,0.2,1.8,3,8,0.2391126574187376,1.6734514059132634e-17,0.34595501107740967,8.433995790324362e-17,0.36173656291833123,9.303667383421671e-17,0.3204104231322416,9.633065985726958e-17,0.081297765713504,-0.025544587945168062,-0.04132613978608962,7.959614579813695e-17,1.1990701954025961e-17,3.2939860230528748e-18
7.65000000|8,ok,,2026-02-20 11:55:01,0.6122768000059295,7.65,1.0,1.5707963267948966,0.5,0.2,1.8,3,8,0.23670240231167153,2.862468064540775e-17,0.35327144032212215,9.027726488953595e-17,0.3640209913618967,9.954257147912145e-17,0.3211059279309863,9.880174818092509e-17,0.08440352561931477,-0.03216551239113585,-0.042915063430910394,7.017706753551734e-17,8.524483291389138e-18,-7.408232981963596e-19
8.23750000|8,ok,,2026-02-20 11:55:01,0.5951232000006712,8.2375,1.0,1.5707963267948966,0.5,0.2,1.8,3,8,0.2348406130613933,7.140620013767063e-19,0.35628833412426697,9.442367848337935e-17,0.36336872458028585,1.045740083533748e-16,0.3217512912080718,1.0082836316484993e-16,0.08691067814667847,-0.03453704291619519,-0.041617433372214074,1.0011430116347322e-16,6.4046846814705735e-18,-3.74564518852487e-18
8.82500000|8,ok,,2026-02-20 11:55:02,0.5908577000009245,8.825,1.0,1.5707963267948966,0.5,0.2,1.8,3,8,0.23351442403642175,2.7648264857725704e-17,0.35590169826478957,9.701282804784932e-17,0.3604448753854378,1.082762896925177e-16,0.32234846788953936,1.024757071724353e-16,0.0888340438531176,-0.03355323037525021,-0.03809640749589843,7.48274423147096e-17,5.462879124585972e-18,-5.8005825200823986e-18
9.41250000|8,ok,,2026-02-20 11:55:02,0.5915081000057398,9.4125,1.0,1.5707963267948966,0.5,0.2,1.8,3,8,0.23270385441565258,2.598158044865964e-17,0.3530126982799844,9.834644306898121e-17,0.3558691657697027,1.1084351291690658e-16,0.3228996642763877,1.0380056800998143e-16,0.09019580986073514,-0.03011303400359666,-0.03296950149331496,7.781898756132179e-17,5.454124941000222e-18,-7.042944906925148e-18
10.00000000|8,ok,,2026-02-20 11:55:03,0.5896989000029862,10.0,1.0,1.5707963267948966,0.5,0.2,1.8,3,8,0.23238239127735477,2.752983747453254e-18,0.3483839536000921,9.87183398311614e-17,0.3501516689830547,1.1247337847465748e-16,0.32340721126938154,1.0485158650852598e-16,0.09102481999202677,-0.024976742330710566,-0.026744457713673175,1.0209860276107273e-16,6.133246677364577e-18,-7.621791966131503e-18
0.60000000|9,ok,,2026-02-20 11:55:04,1.4341015000027255,0.6,1.0,1.5707963267948966,0.5,0.2,1.8,3,9,0.3875258706128541,3.603038842269087e-18,0.38268212838759436,1.7976143567132074e-18,0.392896938869074,2.4455782082205422e-18,0.3867256193540873,2.9576053870872086e-18,-0.0008002512587668154,0.004043490966492924,-0.006171319514986728,-6.454334551818787e-19,1.1599910303740012e-18,5.120271788666664e-19
1.18750000|9,ok,,2026-02-20 11:55:05,1.4244044000006397,1.1875,1.0,1.5707963267948966,0.5,0.2,1.8,3,9,0.3306654583524356,2.2105796893250305e-17,0.3133858716823269,5.563158376707611e-18,0.3372932208935022,7.232366771025638e-18,0.34059290055607006,6.681913558635311e-18,0.009927442203634451,0.027207028873743155,0.0032996796625678337,-1.5423883334614995e-17,1.1187551819277e-18,-5.504532123903272e-19
1.77500000|9,ok,,2026-02-20 11:55:07,1.4148881000000983,1.775,1.0,1.5707963267948966,0.5,0.2,1.8,3,9,0.3012130823410807,4.694839690666928e-18,0.27198411074647777,1.019799248475258e-17,0.3065770987233778,1.2974994169727008e-17,0.32466372876912236,2.4518591861492378e-17,0.023450646428041677,0.05267961802264459,0.018086630045744567,1.982375217082545e-17,1.4320599376739797e-17,1.154359769176537e-17
2.36250000|9,ok,,2026-02-20 11:55:08,1.4233731999993324,2.3625000000000003,1.0,1.5707963267948966,0.5,0.2,1.8,3,9,0.2846037740205399,4.207378073791339e-19,0.24959719854383494,1.5447894505341032e-17,0.29169450825995685,1.943008756026302e-17,0.3197110453497563,4.337067676580015e-17,0.03510727132921643,0.07011384680592136,0.028016537089799454,4.294993895842102e-17,2.792278226045912e-17,2.394058920553713e-17
2.95000000|9,ok,,2026-02-20 11:55:09,1.4170190000004368,2.95,1.0,1.5707963267948966,0.5,0.2,1.8,3,9,0.27391922987787504,3.8294474375687935e-18,0.2415027821319609,2.1465649099527434e-17,0.28831913595556735,2.673237704652343e-17,0.31847806011117064,6.223216650295372e-17,0.0445588302332956,0.07697527797920972,0.030158924155603284,5.840271906538493e-17,4.0766517403426285e-17,3.549978945643029e-17
3.53750000|9,ok,,2026-02-20 11:55:11,1.4159786000018357,3.5375,1.0,1.5707963267948966,0.5,0.2,1.8,3,9,0.26608627215108943,7.565983560414363e-18,0.2448139194303957,2.8553159109865595e-17,0.2935739135808109,3.507580221628434e-17,0.31852084920816914,8.168884393829886e-17,0.05243457705707971,0.07370692977777343,0.024946935627358224,7.412286037788449e-17,5.313568482843326e-17,4.661304172201452e-17
4.12500000|9,ok,,2026-02-20 11:55:12,1.4145334999993793,4.125,1.0,1.5707963267948966,0.5,0.2,1.8,3,9,0.2597662095174385,2.2591978025036506e-17,0.25707834514691663,3.693922891113898e-17,0.30477429023409697,4.4505353815051664e-17,0.3190068024234309,1.0212949051681182e-16,0.05924059290599237,0.06192845727651425,0.014232512189333912,7.953751249177531e-17,6.519026160567284e-17,5.762413670176016e-17
4.71250000|9,ok,,2026-02-20 11:55:14,1.4154120000021067,4.7124999999999995,1.0,1.5707963267948966,0.5,0.2,1.8,3,9,0.2543821579298529,1.1333744021593488e-17,0.2754459989241644,4.6558886939786726e-17,0.3190808949313224,5.478555507720957e-17,0.31963934585089604,1.2365119933644512e-16,0.06525718792104312,0.04419334692673166,0.0005584509195736276,1.1231745531485163e-16,7.70923123966584e-17,6.886564425923554e-17
5.30000000|9,ok,,2026-02-20 11:55:15,1.4207672999982606,5.3,1.0,1.5707963267948966,0.5,0.2,1.8,3,9,0.24969217937213253,1.0913138626251826e-18,0.29650300800909635,5.692494534621827e-17,0.3337221877102433,6.53978484965795e-17,0.32030802350510873,1.461773891328018e-16,0.0706158441329762,0.023805015496012383,-0.013414164205134582,1.4508607527017662e-16,8.925244378658352e-17,8.07795406362223e-17
5.88750000|9,ok,,2026-02-20 11:55:16,1.417644699999073,5.8875,1.0,1.5707963267948966,0.5,0.2,1.8,3,9,0.24560148416207422,2.608647115197329e-18,0.3168144995422377,6.721655346853571e-17,0.34646431850002324,7.568033643828946e-17,0.32097021048285657,1.6955298140678583e-16,0.07536872632078234,0.00415571094061884,-0.025494108017166672,1.669443342915885e-16,1.0233642793825012e-16,9.387264496849637e-17
6.47500000|9,ok,,2026-02-20 11:55:18,1.447678000004089,6.475,1.0,1.5707963267948966,0.5,0.2,1.8,3,9,0.24207787204250775,1.1606821266487056e-17,0.3337484465229323,7.656447625106973e-17,0.3559538343514629,8.502777052925456e-17,0.3216089791988864,1.936021792117912e-16,0.07953110715637868,-0.01213946732404586,-0.03434485515257646,1.8199535794530414e-16,1.1703770296072146e-16,1.0857440868253663e-16
7.06250000|9,ok,,2026-02-20 11:55:19,1.4297829999995884,7.0625,1.0,1.5707963267948966,0.5,0.2,1.8,3,9,0.2391126574187376,1.6734514059132634e-17,0.34595501107740967,8.433995790324362e-17,0.36173656291833123,9.303667383421671e-17,0.32221742729302993,2.1815867863308065e-16,0.08310476987429233,-0.023737583784379734,-0.039519135625301294,2.0142416457394803e-16,1.3381872072983703e-16,1.2512200479886395e-16
7.65000000|9,ok,,2026-02-20 11:55:21,1.423736299999291,7.65,1.0,1.5707963267948966,0.5,0.2,1.8,3,9,0.23670240231167153,2.862468064540775e-17,0.35327144032212215,9.027726488953595e-17,0.3640209913618967,9.954257147912145e-17,0.3227927034804095,2.430786215448764e-16,0.08609030116873798,-0.03047873684171265,-0.04122828788148719,2.1445394089946867e-16,1.5280135665534044e-16,1.4353605006575494e-16
8.23750000|9,ok,,2026-02-20 11:55:22,1.4164834999974119,8.2375,1.0,1.5707963267948966,0.5,0.2,1.8,3,9,0.2348406130613933,7.140620013767063e-19,0.35628833412426697,9.442367848337935e-17,0.36336872458028585,1.045740083533748e-16,0.3233337170222155,2.682439581852568e-16,0.08849310396082222,-0.03295461710205144,-0.040035007558070324,2.675298961838801e-16,1.7382027970187746e-16,1.6366994983188202e-16
8.82500000|9,ok,,2026-02-20 11:55:24,1.4457035000014002,8.825,1.0,1.5707963267948966,0.5,0.2,1.8,3,9,0.23351442403642175,2.7648264857725704e-17,0.35590169826478957,9.701282804784932e-17,0.3604448753854378,1.082762896925177e-16,0.32384026122040244,2.935611145134702e-16,0.09032583718398068,-0.03206143704438713,-0.036604614165035354,2.659128496557445e-16,1.965482864656209e-16,1.8528482482095253e-16
9.41250000|9,ok,,2026-02-20 11:55:25,1.435214700002689,9.4125,1.0,1.5707963267948966,0.5,0.2,1.8,3,9,0.23270385441565258,2.598158044865964e-17,0.3530126982799844,9.834644306898121e-17,0.3558691657697027,1.1084351291690658e-16,0.32431267001629466,3.189577548644798e-16,0.09160881560064207,-0.028700028263689725,-0.03155649575340802,2.9297617441582013e-16,2.2061131179549856e-16,2.081142419475732e-16
10.00000000|9,ok,,2026-02-20 11:55:27,1.4203593999991426,10.0,1.0,1.5707963267948966,0.5,0.2,1.8,3,9,0.23238239127735477,2.752983747453254e-18,0.3483839536000921,9.87183398311614e-17,0.3501516689830547,1.1247337847465748e-16,0.3247516660164123,3.443790819758024e-16,0.09236927473905754,-0.0236322875836798,-0.02540000296664241,3.416260982283491e-16,2.45660742144641e-16,2.319057035011449e-16
0.60000000|10,ok,,2026-02-20 11:55:28,3.333413300002576,0.6,1.0,1.5707963267948966,0.5,0.2,1.8,3,10,0.3875258706128541,3.603038842269087e-18,0.38268212838759436,1.7976143567132074e-18,0.392896938869074,2.4455782082205422e-18,0.3876545740578448,3.982405218825269e-18,0.00012870344499071873,0.004972445670250458,-0.005242364811229194,3.7936637655618195e-19,2.1847908621120618e-18,1.536827010604727e-18
1.18750000|10,ok,,2026-02-20 11:55:31,3.3570119999931194,1.1875,1.0,1.5707963267948966,0.5,0.2,1.8,3,10,0.3306654583524356,2.2105796893250305e-17,0.3133858716823269,5.563158376707611e-18,0.3372932208935022,7.232366771025638e-18,0.3427002003719874,6.147446760930966e-18,0.012034742019551792,0.029314328689660496,0.005406979478485174,-1.595835013231934e-17,5.842883842233549e-19,-1.0849200100946722e-18
1.77500000|10,ok,,2026-02-20 11:55:35,3.33234960000118,1.775,1.0,1.5707963267948966,0.5,0.2,1.8,3,10,0.3012130823410807,4.694839690666928e-18,0.27198411074647777,1.019799248475258e-17,0.3065770987233778,1.2974994169727008e-17,0.3272995938851568,8.570186036643994e-18,0.026086511544076096,0.05531548313867901,0.020722495161778987,3.875346345977066e-18,-1.6278064481085854e-18,-4.404808133083014e-18
2.36250000|10,ok,,2026-02-20 11:55:38,3.3312072999979137,2.3625000000000003,1.0,1.5707963267948966,0.5,0.2,1.8,3,10,0.2846037740205399,4.207378073791339e-19,0.24959719854383494,1.5447894505341032e-17,0.29169450825995685,1.943008756026302e-17,0.32231975459922774,1.019523780716959e-17,0.03771598057868786,0.0727225560553928,0.030625246339270884,9.774499999790456e-18,-5.2526566981714415e-18,-9.234849753093431e-18
2.95000000|10,ok,,2026-02-20 11:55:41,3.3070634999967297,2.95,1.0,1.5707963267948966,0.5,0.2,1.8,3,10,0.27391922987787504,3.8294474375687935e-18,0.2415027821319609,2.1465649099527434e-17,0.28831913595556735,2.673237704652343e-17,0.3208547896539808,9.874496949237724e-18,0.04693555977610575,0.07935200752201987,0.032535653698413436,6.045049511668931e-18,-1.159115215028971e-17,-1.6857880097285708e-17
3.53750000|10,ok,,2026-02-20 11:55:45,3.332892399994307,3.5375,1.0,1.5707963267948966,0.5,0.2,1.8,3,10,0.26608627215108943,7.565983560414363e-18,0.2448139194303957,2.8553159109865595e-17,0.2935739135808109,3.507580221628434e-17,0.32062544347609223,6.1166854903514216e-18,0.0545391713250028,0.07581152404569652,0.027051529895281312,-1.4492980700629416e-18,-2.2436473619514173e-17,-2.8959116725932916e-17
4.12500000|10,ok,,2026-02-20 11:55:48,3.3366802999953507,4.125,1.0,1.5707963267948966,0.5,0.2,1.8,3,10,0.2597662095174385,2.2591978025036506e-17,0.25707834514691663,3.693922891113898e-17,0.30477429023409697,4.4505353815051664e-17,0.32085526924333785,2.2726689890107273e-18,0.06108905972589934,0.06377692409642122,0.01608097900924088,-2.031930903602578e-17,-3.466655992212825e-17,-4.2232684826040937e-17
4.71250000|10,ok,,2026-02-20 11:55:51,3.323217299999669,4.7124999999999995,1.0,1.5707963267948966,0.5,0.2,1.8,3,10,0.2543821579298529,1.1333744021593488e-17,0.2754459989241644,4.6558886939786726e-17,0.3190808949313224,5.478555507720957e-17,0.3212627618033428,1.5953827681097504e-17,0.06688060387348987,0.04581676287917841,0.002181866872020377,4.620083659504016e-18,-3.060505925868922e-17,-3.8831727396112064e-17
5.30000000|10,ok,,2026-02-20 11:55:55,3.349231399995915,5.3,1.0,1.5707963267948966,0.5,0.2,1.8,3,10,0.24969217937213253,1.0913138626251826e-18,0.29650300800909635,5.692494534621827e-17,0.3337221877102433,6.53978484965795e-17,0.32173865454497785,3.512315574676329e-17,0.07204647517284532,0.025235646535881506,-0.011983533165265459,3.4031841884138106e-17,-2.1801789599454984e-17,-3.027469274981621e-17
5.88750000|10,ok,,2026-02-20 11:55:58,3.337865599998622,5.8875,1.0,1.5707963267948966,0.5,0.2,1.8,3,10,0.24560148416207422,2.608647115197329e-18,0.3168144995422377,6.721655346853571e-17,0.34646431850002324,7.568033643828946e-17,0.32223724947448384,5.965551394041426e-17,0.07663576531240962,0.005422749932246118,-0.024227069025539394,5.704686682521693e-17,-7.561039528121455e-18,-1.6024822497875197e-17
6.47500000|10,ok,,2026-02-20 11:56:01,3.3393318000016734,6.475,1.0,1.5707963267948966,0.5,0.2,1.8,3,10,0.24207787204250775,1.1606821266487056e-17,0.3337484465229323,7.656447625106973e-17,0.3559538343514629,8.502777052925456e-17,0.32273758270190933,8.922822721717479e-17,0.08065971065940158,-0.011010863821022954,-0.03321625164955355,7.762140595068773e-17,1.2663750966105053e-17,4.200456687920222e-18
7.06250000|10,ok,,2026-02-20 11:56:05,3.305973599999561,7.0625,1.0,1.5707963267948966,0.5,0.2,1.8,3,10,0.2391126574187376,1.6734514059132634e-17,0.34595501107740967,8.433995790324362e-17,0.36173656291833123,9.303667383421671e-17,0.32322885245130184,1.234093070654091e-16,0.08411619503256423,-0.02272615862610783,-0.03850771046702939,1.0667479300627647e-16,3.906934916216548e-17,3.0372633231192395e-17
7.65000000|10,ok,,2026-02-20 11:56:08,3.313085100002354,7.65,1.0,1.5707963267948966,0.5,0.2,1.8,3,10,0.23670240231167153,2.862468064540775e-17,0.35327144032212215,9.027726488953595e-17,0.3640209913618967,9.954257147912145e-17,0.32370477251645974,1.6171551590519566e-16,0.08700237020478821,-0.029566667805662417,-0.04031621884543696,1.3309083525978793e-16,7.143825101565971e-17,6.217294442607421e-17
8.23750000|10,ok,,2026-02-20 11:56:11,3.312257599995064,8.2375,1.0,1.5707963267948966,0.5,0.2,1.8,3,10,0.2348406130613933,7.140620013767063e-19,0.35628833412426697,9.442367848337935e-17,0.36336872458028585,1.045740083533748e-16,0.32416133654269674,2.036494169019599e-16,0.08932072348130343,-0.03212699758157023,-0.03920738803758911,2.029353549005832e-16,1.0922573841858056e-16,9.907540854858511e-17
8.82500000|10,ok,,2026-02-20 11:56:15,3.322515399995609,8.825,1.0,1.5707963267948966,0.5,0.2,1.8,3,10,0.23351442403642175,2.7648264857725704e-17,0.35590169826478957,9.701282804784932e-17,0.3604448753854378,1.082762896925177e-16,0.32459590342260963,2.48722700284774e-16,0.09108147938618788,-0.031305794842179935,-0.03584897196282816,2.2107443542704827e-16,1.5170987223692468e-16,1.404464105922563e-16
9.41250000|10,ok,,2026-02-20 11:56:18,3.335809199998039,9.4125,1.0,1.5707963267948966,0.5,0.2,1.8,3,10,0.23270385441565258,2.598158044865964e-17,0.3530126982799844,9.834644306898121e-17,0.3558691657697027,1.1084351291690658e-16,0.32500678918824377,2.9647064282559597e-16,0.09230293477259119,-0.02800590909174061,-0.030862376581458906,2.704890623769363e-16,1.9812419975661475e-16,1.856271299086894e-16
10.00000000|10,ok,,2026-02-20 11:56:21,3.4204238999955123,10.0,1.0,1.5707963267948966,0.5,0.2,1.8,3,10,0.23238239127735477,2.752983747453254e-18,0.3483839536000921,9.87183398311614e-17,0.3501516689830547,1.1247337847465748e-16,0.325393048194805,3.464607460711686e-16,0.09301065691745025,-0.022990905405287088,-0.024758620788249697,3.4370776232371535e-16,2.477424062400072e-16,2.3398736759651113e-16
0.60000000|11,ok,,2026-02-20 11:56:25,7.360115900002711,0.6,1.0,1.5707963267948966,0.5,0.2,1.8,3,11,0.3875258706128541,3.603038842269087e-18,0.38268212838759436,1.7976143567132074e-18,0.392896938869074,2.4455782082205422e-18,0.38846305162484684,3.2335030112114994e-18,0.0009371810119927493,0.005780923237252489,-0.004433887244227164,-3.695358310575878e-19,1.435888654498292e-18,7.879248029909572e-19
1.18750000|11,ok,,2026-02-20 11:56:32,7.270368599994981,1.1875,1.0,1.5707963267948966,0.5,0.2,1.8,3,11,0.3306654583524356,2.2105796893250305e-17,0.3133858716823269,5.563158376707611e-18,0.3372932208935022,7.232366771025638e-18,0.3445222099870401,9.694509457855178e-18,0.01385675163460448,0.031136338304713185,0.007228989093537863,-1.2411287435395127e-17,4.131351081147567e-18,2.46214268682954e-18
1.77500000|11,ok,,2026-02-20 11:56:39,8.286936100004823,1.775,1.0,1.5707963267948966,0.5,0.2,1.8,3,11,0.3012130823410807,4.694839690666928e-18,0.27198411074647777,1.019799248475258e-17,0.3065770987233778,1.2974994169727008e-17,0.32944932484023354,1.2500228547861186e-17,0.028236242499152853,0.05746521409375577,0.022872226116855743,7.805388857194258e-18,2.3022360631086068e-18,-4.747656218658217e-19
2.36250000|11,ok,,2026-02-20 11:56:48,10.658116799997515,2.3625000000000003,1.0,1.5707963267948966,0.5,0.2,1.8,3,11,0.2846037740205399,4.207378073791339e-19,0.24959719854383494,1.5447894505341032e-17,0.29169450825995685,1.943008756026302e-17,0.3243335449989244,1.419729061124994e-17,0.03972977097838454,0.07473634645508948,0.032639036738967564,1.3776552803870807e-17,-1.2506038940910906e-18,-5.2327969490130804e-18
2.95000000|11,ok,,2026-02-20 11:56:58,10.543962199997623,2.95,1.0,1.5707963267948966,0.5,0.2,1.8,3,11,0.27391922987787504,3.8294474375687935e-18,0.2415027821319609,2.1465649099527434e-17,0.28831913595556735,2.673237704652343e-17,0.3225998091905361,1.607452181868739e-17,0.048680579312661065,0.08109702705857519,0.03428067323496875,1.2245074381118597e-17,-5.391127280840044e-18,-1.065785522783604e-17
3.53750000|11,ok,,2026-02-20 11:57:09,10.259657900001912,3.5375,1.0,1.5707963267948966,0.5,0.2,1.8,3,11,0.26608627215108943,7.565983560414363e-18,0.2448139194303957,2.8553159109865595e-17,0.2935739135808109,3.507580221628434e-17,0.32209912216453385,1.782471763719004e-17,0.056012850013444415,0.07728520273413814,0.028525208583722927,1.0258734076775676e-17,-1.0728441472675556e-17,-1.72510845790943e-17
4.12500000|11,ok,,2026-02-20 11:57:19,10.629177700000582,4.125,1.0,1.5707963267948966,0.5,0.2,1.8,3,11,0.2597662095174385,2.2591978025036506e-17,0.25707834514691663,3.693922891113898e-17,0.30477429023409697,4.4505353815051664e-17,0.32209157348131773,1.8817254783653798e-17,0.06232536396387922,0.0650132283344011,0.01731728324722076,-3.774723241382709e-18,-1.812197412748518e-17,-2.5688099031397866e-17
4.71250000|11,ok,,2026-02-20 11:57:30,10.656435799995961,4.7124999999999995,1.0,1.5707963267948966,0.5,0.2,1.8,3,11,0.2543821579298529,1.1333744021593488e-17,0.2754459989241644,4.6558886939786726e-17,0.3190808949313224,5.478555507720957e-17,0.3223009524257643,1.8525035219979832e-17,0.06791879449591137,0.046854953501599905,0.0032200574944418747,7.191291198386344e-18,-2.8033851719806894e-17,-3.6260519857229736e-17
5.30000000|11,ok,,2026-02-20 11:57:40,10.579711500002304,5.3,1.0,1.5707963267948966,0.5,0.2,1.8,3,11,0.24969217937213253,1.0913138626251826e-18,0.29650300800909635,5.692494534621827e-17,0.3337221877102433,6.53978484965795e-17,0.3226142460252048,1.6610811472391505e-17,0.07292206665307224,0.02611123801610843,-0.011107941685038536,1.5519497609766324e-17,-4.031413387382677e-17,-4.8787037024188e-17
5.88750000|11,ok,,2026-02-20 11:57:51,10.718971499998588,5.8875,1.0,1.5707963267948966,0.5,0.2,1.8,3,11,0.24560148416207422,2.608647115197329e-18,0.3168144995422377,6.721655346853571e-17,0.34646431850002324,7.568033643828946e-17,0.32298007495795983,1.290756705656818e-17,0.0773785907958856,0.006165575415722102,-0.02348424354206341,1.0298919941370851e-17,-5.4308986411967533e-17,-6.277276938172127e-17
6.47500000|11,ok,,2026-02-20 11:58:02,10.541939399998228,6.475,1.0,1.5707963267948966,0.5,0.2,1.8,3,11,0.24207787204250775,1.1606821266487056e-17,0.3337484465229323,7.656447625106973e-17,0.3559538343514629,8.502777052925456e-17,0.32337201597718873,7.374767673712246e-18,0.08129414393468098,-0.010376430545743554,-0.03258181837427415,-4.232053592774809e-18,-6.918970857735748e-17,-7.765300285554231e-17
7.06250000|11,ok,,2026-02-20 11:58:12,10.389371800003573,7.0625,1.0,1.5707963267948966,0.5,0.2,1.8,3,11,0.2391126574187376,1.6734514059132634e-17,0.34595501107740967,8.433995790324362e-17,0.36173656291833123,9.303667383421671e-17,0.3237745943686118,5.818479366613276e-20,0.08466193694987417,-0.02218041670879789,-0.03796196854971945,-1.6676329265466502e-17,-8.428177310957749e-17,-9.297848904055057e-17
7.65000000|11,ok,,2026-02-20 11:58:23,10.404833400003554,7.65,1.0,1.5707963267948966,0.5,0.2,1.8,3,11,0.23670240231167153,2.862468064540775e-17,0.35327144032212215,9.027726488953595e-17,0.3640209913618967,9.954257147912145e-17,0.3241776937338655,8.940443294085431e-18,0.08747529142219398,-0.02909374658825664,-0.03984329762803118,-1.968423735132232e-17,-8.133682159545052e-17,-9.060212818503602e-17
8.23750000|11,ok,,2026-02-20 11:58:33,10.244276199999149,8.2375,1.0,1.5707963267948966,0.5,0.2,1.8,3,11,0.2348406130613933,7.140620013767063e-19,0.35628833412426697,9.442367848337935e-17,0.36336872458028585,1.045740083533748e-16,0.3245742253143141,1.9484931364054678e-17,0.08973361225292081,-0.031714108809952846,-0.03879449926597173,1.8770869362677973e-17,-7.493874711932468e-17,-8.508907698932012e-17
8.82500000|11,ok,,2026-02-20 11:58:43,10.525383300002431,8.825,1.0,1.5707963267948966,0.5,0.2,1.8,3,11,0.23351442403642175,2.7648264857725704e-17,0.35590169826478957,9.701282804784932e-17,0.3604448753854378,1.082762896925177e-16,0.3249590864308641,3.141977860628549e-17,0.09144466239444232,-0.030942611833925493,-0.035485788954573716,3.771513748559786e-18,-6.559304944156383e-17,-7.68565110862322e-17
9.41250000|11,ok,,2026-02-20 11:58:54,10.550804400001653,9.4125,1.0,1.5707963267948966,0.5,0.2,1.8,3,11,0.23270385441565258,2.598158044865964e-17,0.3530126982799844,9.834644306898121e-17,0.3558691657697027,1.1084351291690658e-16,0.32532863234026393,4.458092149771717e-17,0.09262477792461135,-0.027684065939720448,-0.030540533429438743,1.8599341049057533e-17,-5.3765521571264037e-17,-6.626259141918941e-17
10.00000000|11,ok,,2026-02-20 11:59:04,10.634169799996016,10.0,1.0,1.5707963267948966,0.5,0.2,1.8,3,11,0.23238239127735477,2.752983747453254e-18,0.3483839536000921,9.87183398311614e-17,0.3501516689830547,1.1247337847465748e-16,0.3256803552064377,5.880344199105868e-17,0.0932979639290829,-0.022703598393654434,-0.024471313776617043,5.605045824360543e-17,-3.991489784010272e-17,-5.36699364835988e-17
0.60000000|12,ok,,2026-02-20 11:59:15,22.03754530000151,0.6,1.0,1.5707963267948966,0.5,0.2,1.8,3,12,0.3875258706128541,3.603038842269087e-18,0.38268212838759436,1.7976143567132074e-18,0.392896938869074,2.4455782082205422e-18,0.38918139159496545,1.5495186002074847e-17,0.0016555209821113581,0.006499263207371098,-0.003715547274108555,1.189214715980576e-17,1.369757164536164e-17,1.3049607793854305e-17
1.18750000|12,ok,,2026-02-20 11:59:37,22.076613900004304,1.1875,1.0,1.5707963267948966,0.5,0.2,1.8,3,12,0.3306654583524356,2.2105796893250305e-17,0.3133858716823269,5.563158376707611e-18,0.3372932208935022,7.232366771025638e-18,0.34610252505838296,4.073337596429939e-17,0.015437066705947355,0.03271665337605606,0.008809304164880738,1.8627579071049088e-17,3.5170217587591785e-17,3.3501009193273755e-17
1.77500000|12,ok,,2026-02-20 11:59:59,22.123428899998544,1.775,1.0,1.5707963267948966,0.5,0.2,1.8,3,12,0.3012130823410807,4.694839690666928e-18,0.27198411074647777,1.019799248475258e-17,0.3065770987233778,1.2974994169727008e-17,0.3312014229392217,5.583630740248519e-17,0.02998834059814104,0.059217312192743954,0.02462432421584393,5.114146771181826e-17,4.5638314917732613e-17,4.2861313232758183e-17
2.36250000|12,ok,,2026-02-20 12:00:21,22.004359600003227,2.3625000000000003,1.0,1.5707963267948966,0.5,0.2,1.8,3,12,0.2846037740205399,4.207378073791339e-19,0.24959719854383494,1.5447894505341032e-17,0.29169450825995685,1.943008756026302e-17,0.32588386485875875,6.563912415984385e-17,0.041280090838218875,0.07628666631492381,0.0341893565988019,6.521838635246471e-17,5.019122965450282e-17,4.620903659958083e-17
2.95000000|12,ok,,2026-02-20 12:00:43,21.677870699997584,2.95,1.0,1.5707963267948966,0.5,0.2,1.8,3,12,0.27391922987787504,3.8294474375687935e-18,0.2415027821319609,2.1465649099527434e-17,0.28831913595556735,2.673237704652343e-17,0.3238738904276804,7.300216122664867e-17,0.04995466054980535,0.08237110829571948,0.03555475447211304,6.917271378907988e-17,5.1536512127121234e-17,4.626978418012524e-17
3.53750000|12,ok,,2026-02-20 12:01:05,22.16796659999818,3.5375,1.0,1.5707963267948966,0.5,0.2,1.8,3,12,0.26608627215108943,7.565983560414363e-18,0.2448139194303957,2.8553159109865595e-17,0.2935739135808109,3.507580221628434e-17,0.3231216105836683,7.94091391908679e-17,0.05703533843257885,0.07830769115327257,0.029547697002857365,7.184315563045353e-17,5.08559800810023e-17,4.433333697458356e-17
4.12500000|12,ok,,2026-02-20 12:01:27,22.362006600000313,4.125,1.0,1.5707963267948966,0.5,0.2,1.8,3,12,0.2597662095174385,2.2591978025036506e-17,0.25707834514691663,3.693922891113898e-17,0.30477429023409697,4.4505353815051664e-17,0.32290760474728575,8.555836429678622e-17,0.06314139522984724,0.06582925960036912,0.01813331451318878,6.296638627174971e-17,4.861913538564724e-17,4.1053010481734555e-17
4.71250000|12,ok,,2026-02-20 12:01:50,22.213105700000597,4.7124999999999995,1.0,1.5707963267948966,0.5,0.2,1.8,3,12,0.2543821579298529,1.1333744021593488e-17,0.2754459989241644,4.6558886939786726e-17,0.3190808949313224,5.478555507720957e-17,0.32295336496546084,9.170022995281546e-17,0.06857120703560793,0.04750736604129646,0.003872470034138431,8.036648593122197e-17,4.514134301302873e-17,3.691467487560589e-17
5.30000000|12,ok,,2026-02-20 12:02:12,18.143956300002174,5.3,1.0,1.5707963267948966,0.5,0.2,1.8,3,12,0.24969217937213253,1.0913138626251826e-18,0.29650300800909635,5.692494534621827e-17,0.3337221877102433,6.53978484965795e-17,0.32313849425784874,9.788619241462191e-17,0.07344631488571621,0.026635486248752394,-0.010583693452394571,9.679487855199673e-17,4.0961247068403637e-17,3.248834391804241e-17
5.88750000|12,ok,,2026-02-20 12:02:30,14.799710400002368,5.8875,1.0,1.5707963267948966,0.5,0.2,1.8,3,12,0.24560148416207422,2.608647115197329e-18,0.3168144995422377,6.721655346853571e-17,0.34646431850002324,7.568033643828946e-17,0.3234041783730746,1.0410649329992147e-16,0.07780269421100039,0.006589678830836887,-0.023060140126948625,1.0149784618472414e-16,3.6889939831385756e-17,2.8426156861632015e-17
6.47500000|12,ok,,2026-02-20 12:02:45,14.752187899997807,6.475,1.0,1.5707963267948966,0.5,0.2,1.8,3,12,0.24207787204250775,1.1606821266487056e-17,0.3337484465229323,7.656447625106973e-17,0.3559538343514629,8.502777052925456e-17,0.32371773710700713,1.1034629657395113e-16,0.08163986506449938,-0.010030709415925154,-0.03223609724445575,9.873947530746407e-17,3.3781820322881394e-17,2.5318526044696562e-17
7.06250000|12,ok,,2026-02-20 12:02:59,14.803508099997998,7.0625,1.0,1.5707963267948966,0.5,0.2,1.8,3,12,0.2391126574187376,1.6734514059132634e-17,0.34595501107740967,8.433995790324362e-17,0.36173656291833123,9.303667383421671e-17,0.3240587364002525,1.1660047008381393e-16,0.0849460789815149,-0.021896274677157157,-0.037677826518078716,9.98659560246813e-17,3.226051218057031e-17,2.3563796249597226e-17
7.65000000|12,ok,,2026-02-20 12:03:14,14.806964399998833,7.65,1.0,1.5707963267948966,0.5,0.2,1.8,3,12,0.23670240231167153,2.862468064540775e-17,0.35327144032212215,9.027726488953595e-17,0.3640209913618967,9.954257147912145e-17,0.32441322226218067,1.2287272577910902e-16,0.08771081995050914,-0.028858218059941487,-0.03960776909971603,9.424804513370127e-17,3.259546088957307e-17,2.3330154299987572e-17
8.23750000|12,ok,,2026-02-20 12:03:29,14.791632400003436,8.2375,1.0,1.5707963267948966,0.5,0.2,1.8,3,12,0.2348406130613933,7.140620013767063e-19,0.35628833412426697,9.442367848337935e-17,0.36336872458028585,1.045740083533748e-16,0.32477116536680106,1.2917112316288567e-16,0.08993055230540775,-0.03151716875746591,-0.03859755921348479,1.2845706116150897e-16,3.4747444679506314e-17,2.459711480951087e-17
8.82500000|12,ok,,2026-02-20 12:03:44,14.802220999998099,8.825,1.0,1.5707963267948966,0.5,0.2,1.8,3,12,0.23351442403642175,2.7648264857725704e-17,0.35590169826478957,9.701282804784932e-17,0.3604448753854378,1.082762896925177e-16,0.3251252170993775,1.3550422840826813e-16,0.09161079306295572,-0.030776481165412095,-0.03531965828606032,1.0785596355054243e-16,3.8491400360418806e-17,2.7227938715750435e-17
9.41250000|12,ok,,2026-02-20 12:03:59,14.803571500000544,9.4125,1.0,1.5707963267948966,0.5,0.2,1.8,3,12,0.23270385441565258,2.598158044865964e-17,0.3530126982799844,9.834644306898121e-17,0.3558691657697027,1.1084351291690658e-16,0.325470017013159,1.418788448951166e-16,0.09276616259750639,-0.02754268126682541,-0.030399148756543704,1.1589726444645696e-16,4.353240182613538e-17,3.103533197821001e-17
10.00000000|12,ok,,2026-02-20 12:04:14,14.89223530000163,10.0,1.0,1.5707963267948966,0.5,0.2,1.8,3,12,0.23238239127735477,2.752983747453254e-18,0.3483839536000921,9.87183398311614e-17,0.3501516689830547,1.1247337847465748e-16,0.3258017438334464,1.4829907213556547e-16,0.09341935255609163,-0.02258220976664571,-0.02434992514960832,1.455460883881122e-16,4.958073230440407e-17,3.582569366090799e-17
