key,status,error,timestamp,beta,theta,g,n_modes,n_cut,ordered_p00,ordered_coh,analytic_v12_p00,analytic_v12_coh,analytic_raw_p00,analytic_raw_coh,ed_p00,ed_coh,elapsed_s,analytic_scalebound_p00,analytic_scalebound_coh
0.60000000|2|6,ok,,2026-02-20 10:32:39,0.6,1.5707963267948966,0.5,2,6,0.3289834567267669,8.156610498446434e-18,0.311532114333834,5.6034702799387626e-18,0.3628146670590665,9.192920631552489e-18,0.2873777437352421,3.363916478734897e-17,0.068842599997879,0.36059919708377536,9.037513261387737e-18
1.63076923|2|6,ok,,2026-02-20 10:32:39,1.6307692307692307,1.5707963267948966,0.5,2,6,0.2682899329197803,1.403340444965622e-17,0.2404451903580123,2.4885139145322145e-17,0.97124012970106,1.1423742065123592e-16,0.2601252346217426,2.7107488256531068e-16,0.0689684000026318,0.9672635880553893,1.1364367642968988e-16
2.66153846|2|6,ok,,2026-02-20 10:32:39,2.661538461538462,1.5707963267948966,0.5,2,6,0.2514485492639486,1.4641222870092914e-17,0.2966037507833744,5.806010802476528e-17,1.0,1.980405826614873e-16,0.2818399377425862,5.522773845851858e-16,0.0678977999996277,1.0,1.9723889570822828e-16
3.69230769|2|6,ok,,2026-02-20 10:32:39,3.692307692307693,1.5707963267948966,0.5,2,6,0.2421348241473871,3.877449823331924e-18,0.3495480863455481,9.232230418945848e-17,1.0,2.6442446803553193e-16,0.293248484520678,8.297013538202183e-16,0.0677548000021488,1.0,2.6209234485969133e-16
4.72307692|2|6,ok,,2026-02-20 10:32:39,4.723076923076923,1.5707963267948966,0.5,2,6,0.2374274191896352,1.5746197783307328e-17,0.3522742268959858,1.0817420831567945e-16,1.0,3.0711847185682216e-16,0.2983172839330772,1.097537461866076e-15,0.0682048000016948,1.0,3.0295711428709814e-16
5.75384615|2|6,ok,,2026-02-20 10:32:39,5.753846153846154,1.5707963267948966,0.5,2,6,0.2366590190770161,6.974040805869295e-18,0.3320370215145246,1.1060959254574412e-16,0.9999999999944778,3.33131013245545e-16,0.3005378346374703,1.3573187064511585e-15,0.0678373999980976,0.9999999999944778,3.273101337341187e-16
6.78461538|2|6,ok,,2026-02-20 10:32:39,6.784615384615385,1.5707963267948966,0.5,2,6,0.2391104485666004,6.78838969289149e-18,0.3066730557697036,1.072332464507517e-16,1.0,3.4966735605918195e-16,0.3015235044551745,1.6116859769839285e-15,0.0679646999997203,1.0,3.4246812667180093e-16
7.81538462|2|6,ok,,2026-02-20 10:32:39,7.815384615384616,1.5707963267948966,0.5,2,6,0.2439769616788219,4.021467548710236e-18,0.2812808736180651,1.0149335694450267e-16,1.0,3.6082581035047823e-16,0.3019683726120595,1.862738413861796e-15,0.0684304000023985,1.0,3.5249931069027956e-16
8.84615385|2|6,ok,,2026-02-20 10:32:39,8.846153846153847,1.5707963267948966,0.5,2,6,0.2491658432682009,7.256274840149223e-18,0.2570069925612697,9.477139992076694e-17,1.0,3.687502998060666e-16,0.3021719161748022,2.111860274474647e-15,0.0674080000026151,1.0,3.594945060398117e-16
9.87692308|2|6,ok,,2026-02-20 10:32:39,9.876923076923076,1.5707963267948966,0.5,2,6,0.1372586525968836,8.815521408774453e-18,0.2341117036475777,8.770081789980059e-17,1.0,3.746109960455261e-16,0.3022659189115516,2.359892594061232e-15,0.0685359999988577,1.0,3.645778628712941e-16
10.90769231|2|6,ok,,2026-02-20 10:32:40,10.907692307692308,1.5707963267948966,0.5,2,6,0.2773849835654745,1.8310705880825248e-17,0.2126669346972161,8.061964910720125e-17,1.0,3.790887822888825e-16,0.3023095504717232,2.6073230405719306e-15,0.0713326000040979,0.9999998345444678,3.683951986818434e-16
11.93846154|2|6,ok,,2026-02-20 10:32:40,11.93846153846154,1.5707963267948966,0.5,2,6,0.357638538426593,5.382389204600089e-18,0.1926916091973316,7.372426124913351e-17,1.0,3.8260234362363717e-16,0.3023298072522767,2.8544256579851918e-15,0.0681485999957658,1.0,3.7133981102472023e-16
12.96923077|2|6,ok,,2026-02-20 10:32:40,12.969230769230771,1.5707963267948966,0.5,2,6,0.5,4.894244548200079e-34,0.1741771079684883,6.713168650161785e-17,0.999989783408255,3.85418046211834e-16,0.3023391498954073,3.1013508868985125e-15,0.0714083999991999,1.0,3.736633591691978e-16
14.00000000|2|6,ok,,2026-02-20 10:32:40,14.0,1.5707963267948966,0.5,2,6,0.4027216309267352,1.778968326176735e-18,0.1570981737463424,6.091070677931855e-17,1.0,3.877238374401448e-16,0.3023433756820715,3.348179770596293e-15,0.0697809999983292,1.0,3.7552885644972456e-16
0.60000000|2|8,ok,,2026-02-20 10:32:40,0.6,1.5707963267948966,0.5,2,8,0.3289834567267669,8.156610498446434e-18,0.311532114333834,5.6034702799387626e-18,0.3628146670590665,9.192920631552489e-18,0.3018946175052775,2.2395853268963548e-18,0.0063856999986455,0.36059919708377536,9.037513261387737e-18
1.63076923|2|8,ok,,2026-02-20 10:32:40,1.6307692307692307,1.5707963267948966,0.5,2,8,0.2682899329197803,1.403340444965622e-17,0.2404451903580123,2.4885139145322145e-17,0.97124012970106,1.1423742065123592e-16,0.2979598149617761,6.172995788998283e-17,0.0064373999994131,0.9672635880553893,1.1364367642968988e-16
2.66153846|2|8,ok,,2026-02-20 10:32:40,2.661538461538462,1.5707963267948966,0.5,2,8,0.2514485492639486,1.4641222870092914e-17,0.2966037507833744,5.806010802476528e-17,1.0,1.980405826614873e-16,0.3202794925521559,1.128240643013241e-16,0.006203999997524,1.0,1.9723889570822828e-16
3.69230769|2|8,ok,,2026-02-20 10:32:40,3.692307692307693,1.5707963267948966,0.5,2,8,0.2421348241473871,3.877449823331924e-18,0.3495480863455481,9.232230418945848e-17,1.0,2.6442446803553193e-16,0.3296917860407202,1.4283334242425854e-16,0.0063372000004164,1.0,2.6209234485969133e-16
4.72307692|2|8,ok,,2026-02-20 10:32:40,4.723076923076923,1.5707963267948966,0.5,2,8,0.2374274191896352,1.5746197783307328e-17,0.3522742268959858,1.0817420831567945e-16,1.0,3.0711847185682216e-16,0.3334651943785537,1.6700641066067111e-16,0.0059213999993517,1.0,3.0295711428709814e-16
5.75384615|2|8,ok,,2026-02-20 10:32:40,5.753846153846154,1.5707963267948966,0.5,2,8,0.2366590190770161,6.974040805869295e-18,0.3320370215145246,1.1060959254574412e-16,0.9999999999944778,3.33131013245545e-16,0.3350636427076096,1.928578371448233e-16,0.0061972000039531,0.9999999999944778,3.273101337341187e-16
6.78461538|2|8,ok,,2026-02-20 10:32:40,6.784615384615385,1.5707963267948966,0.5,2,8,0.2391104485666004,6.78838969289149e-18,0.3066730557697036,1.072332464507517e-16,1.0,3.4966735605918195e-16,0.3357790334950812,2.2187273407608255e-16,0.0059786999991047,1.0,3.4246812667180093e-16
7.81538462|2|8,ok,,2026-02-20 10:32:40,7.815384615384616,1.5707963267948966,0.5,2,8,0.2439769616788219,4.021467548710236e-18,0.2812808736180651,1.0149335694450267e-16,1.0,3.6082581035047823e-16,0.336111626114296,2.5350102030321643e-16,0.0062677000023541,1.0,3.5249931069027956e-16
8.84615385|2|8,ok,,2026-02-20 10:32:40,8.846153846153847,1.5707963267948966,0.5,2,8,0.2491658432682009,7.256274840149223e-18,0.2570069925612697,9.477139992076694e-17,1.0,3.687502998060666e-16,0.3362698697034345,2.8688478378516635e-16,0.0060009000007994,1.0,3.594945060398117e-16
9.87692308|2|8,ok,,2026-02-20 10:32:40,9.876923076923076,1.5707963267948966,0.5,2,8,0.1372586525968836,8.815521408774453e-18,0.2341117036475777,8.770081789980059e-17,1.0,3.746109960455261e-16,0.3363461569920752,3.213441026795733e-16,0.006240800001251,1.0,3.645778628712941e-16
10.90769231|2|8,ok,,2026-02-20 10:32:40,10.907692307692308,1.5707963267948966,0.5,2,8,0.2773849835654745,1.8310705880825248e-17,0.2126669346972161,8.061964910720125e-17,1.0,3.790887822888825e-16,0.3363831912357122,3.5643022509145596e-16,0.0060572000002139,0.9999998345444678,3.683951986818434e-16
11.93846154|2|8,ok,,2026-02-20 10:32:40,11.93846153846154,1.5707963267948966,0.5,2,8,0.357638538426593,5.382389204600089e-18,0.1926916091973316,7.372426124913351e-17,1.0,3.8260234362363717e-16,0.336401222570533,3.9187056729092833e-16,0.0061442000005627,1.0,3.7133981102472023e-16
12.96923077|2|8,ok,,2026-02-20 10:32:40,12.969230769230771,1.5707963267948966,0.5,2,8,0.5,4.894244548200079e-34,0.1741771079684883,6.713168650161785e-17,0.999989783408255,3.85418046211834e-16,0.3364099985276337,4.2750698008557353e-16,0.0064050000000861,1.0,3.736633591691978e-16
14.00000000|2|8,ok,,2026-02-20 10:32:40,14.0,1.5707963267948966,0.5,2,8,0.4027216309267352,1.778968326176735e-18,0.1570981737463424,6.091070677931855e-17,1.0,3.877238374401448e-16,0.3364142513221711,4.632502905636166e-16,0.0062772000019322,1.0,3.7552885644972456e-16
0.60000000|2|10,ok,,2026-02-20 10:32:40,0.6,1.5707963267948966,0.5,2,10,0.3289834567267669,8.156610498446434e-18,0.311532114333834,5.6034702799387626e-18,0.3628146670590665,9.192920631552489e-18,0.3143041236350304,3.538991361280391e-18,0.0131305000031716,0.36059919708377536,9.037513261387737e-18
1.63076923|2|10,ok,,2026-02-20 10:32:40,1.6307692307692307,1.5707963267948966,0.5,2,10,0.2682899329197803,1.403340444965622e-17,0.2404451903580123,2.4885139145322145e-17,0.97124012970106,1.1423742065123592e-16,0.3243279203548238,8.49801853433297e-17,0.0127499000009265,0.9672635880553893,1.1364367642968988e-16
2.66153846|2|10,ok,,2026-02-20 10:32:40,2.661538461538462,1.5707963267948966,0.5,2,10,0.2514485492639486,1.4641222870092914e-17,0.2966037507833744,5.806010802476528e-17,1.0,1.980405826614873e-16,0.3449248064880582,1.8459106548855676e-16,0.0127530999961891,1.0,1.9723889570822828e-16
3.69230769|2|10,ok,,2026-02-20 10:32:40,3.692307692307693,1.5707963267948966,0.5,2,10,0.2421348241473871,3.877449823331924e-18,0.3495480863455481,9.232230418945848e-17,1.0,2.6442446803553193e-16,0.3525771323728455,2.6344751513849126e-16,0.0124314999993657,1.0,2.6209234485969133e-16
4.72307692|2|10,ok,,2026-02-20 10:32:40,4.723076923076923,1.5707963267948966,0.5,2,10,0.2374274191896352,1.5746197783307328e-17,0.3522742268959858,1.0817420831567945e-16,1.0,3.0711847185682216e-16,0.3555662892449298,3.280150636335946e-16,0.0124058000001241,1.0,3.0295711428709814e-16
5.75384615|2|10,ok,,2026-02-20 10:32:40,5.753846153846154,1.5707963267948966,0.5,2,10,0.2366590190770161,6.974040805869295e-18,0.3320370215145246,1.1060959254574412e-16,0.9999999999944778,3.33131013245545e-16,0.3568653802337828,3.880596092751776e-16,0.0128932000006898,0.9999999999944778,3.273101337341187e-16
6.78461538|2|10,ok,,2026-02-20 10:32:40,6.784615384615385,1.5707963267948966,0.5,2,10,0.2391104485666004,6.78838969289149e-18,0.3066730557697036,1.072332464507517e-16,1.0,3.4966735605918195e-16,0.3574736168764224,4.48045516070082e-16,0.0128935000029741,1.0,3.4246812667180093e-16
7.81538462|2|10,ok,,2026-02-20 10:32:40,7.815384615384616,1.5707963267948966,0.5,2,10,0.2439769616788219,4.021467548710236e-18,0.2812808736180651,1.0149335694450267e-16,1.0,3.6082581035047823e-16,0.3577708239045326,5.091943956966263e-16,0.0133227999976952,1.0,3.5249931069027956e-16
8.84615385|2|10,ok,,2026-02-20 10:32:40,8.846153846153847,1.5707963267948966,0.5,2,10,0.2491658432682009,7.256274840149223e-18,0.2570069925612697,9.477139992076694e-17,1.0,3.687502998060666e-16,0.3579194581108752,5.7150405190257185e-16,0.0136695999972289,1.0,3.594945060398117e-16
9.87692308|2|10,ok,,2026-02-20 10:32:40,9.876923076923076,1.5707963267948966,0.5,2,10,0.1372586525968836,8.815521408774453e-18,0.2341117036475777,8.770081789980059e-17,1.0,3.746109960455261e-16,0.3579947243086602,6.34669761478607e-16,0.0129162000012001,1.0,3.645778628712941e-16
10.90769231|2|10,ok,,2026-02-20 10:32:40,10.907692307692308,1.5707963267948966,0.5,2,10,0.2773849835654745,1.8310705880825248e-17,0.2126669346972161,8.061964910720125e-17,1.0,3.790887822888825e-16,0.3580330934071782,6.983961153021042e-16,0.012898299995868,0.9999998345444678,3.683951986818434e-16
11.93846154|2|10,ok,,2026-02-20 10:32:40,11.93846153846154,1.5707963267948966,0.5,2,10,0.357638538426593,5.382389204600089e-18,0.1926916091973316,7.372426124913351e-17,1.0,3.8260234362363717e-16,0.3580527197447792,7.624679016853796e-16,0.0126977000036276,1.0,3.7133981102472023e-16
12.96923077|2|10,ok,,2026-02-20 10:32:40,12.969230769230771,1.5707963267948966,0.5,2,10,0.5,4.894244548200079e-34,0.1741771079684883,6.713168650161785e-17,0.999989783408255,3.85418046211834e-16,0.3580627721243774,8.267450040139347e-16,0.0124658999993698,1.0,3.736633591691978e-16
14.00000000|2|10,ok,,2026-02-20 10:32:40,14.0,1.5707963267948966,0.5,2,10,0.4027216309267352,1.778968326176735e-18,0.1570981737463424,6.091070677931855e-17,1.0,3.877238374401448e-16,0.3580679188077292,8.911413301588441e-16,0.0126901000039651,1.0,3.7552885644972456e-16
0.60000000|2|12,ok,,2026-02-20 10:32:40,0.6,1.5707963267948966,0.5,2,12,0.3289834567267669,8.156610498446434e-18,0.311532114333834,5.6034702799387626e-18,0.3628146670590665,9.192920631552489e-18,0.3250197356695671,6.745607124699173e-18,0.0309890999997151,0.36059919708377536,9.037513261387737e-18
1.63076923|2|12,ok,,2026-02-20 10:32:40,1.6307692307692307,1.5707963267948966,0.5,2,12,0.2682899329197803,1.403340444965622e-17,0.2404451903580123,2.4885139145322145e-17,0.97124012970106,1.1423742065123592e-16,0.3435604313527269,4.303182814447759e-17,0.0301860000035958,0.9672635880553893,1.1364367642968988e-16
2.66153846|2|12,ok,,2026-02-20 10:32:40,2.661538461538462,1.5707963267948966,0.5,2,12,0.2514485492639486,1.4641222870092914e-17,0.2966037507833744,5.806010802476528e-17,1.0,1.980405826614873e-16,0.3620265290373814,8.460413948252393e-17,0.0305766999954357,1.0,1.9723889570822828e-16
3.69230769|2|12,ok,,2026-02-20 10:32:40,3.692307692307693,1.5707963267948966,0.5,2,12,0.2421348241473871,3.877449823331924e-18,0.3495480863455481,9.232230418945848e-17,1.0,2.6442446803553193e-16,0.3684150579893501,1.2402596561223406e-16,0.0307065000015427,1.0,2.6209234485969133e-16
4.72307692|2|12,ok,,2026-02-20 10:32:40,4.723076923076923,1.5707963267948966,0.5,2,12,0.2374274191896352,1.5746197783307328e-17,0.3522742268959858,1.0817420831567945e-16,1.0,3.0711847185682216e-16,0.3709351343726417,1.641968330309846e-16,0.0307271999990916,1.0,3.0295711428709814e-16
5.75384615|2|12,ok,,2026-02-20 10:32:40,5.753846153846154,1.5707963267948966,0.5,2,12,0.2366590190770161,6.974040805869295e-18,0.3320370215145246,1.1060959254574412e-16,0.9999999999944778,3.33131013245545e-16,0.3720738239254952,2.0523128007660668e-16,0.0300260000003618,0.9999999999944778,3.273101337341187e-16
6.78461538|2|12,ok,,2026-02-20 10:32:40,6.784615384615385,1.5707963267948966,0.5,2,12,0.2391104485666004,6.78838969289149e-18,0.3066730557697036,1.072332464507517e-16,1.0,3.4966735605918195e-16,0.3726310921717137,2.4632244818509693e-16,0.0305369999987306,1.0,3.4246812667180093e-16
7.81538462|2|12,ok,,2026-02-20 10:32:40,7.815384615384616,1.5707963267948966,0.5,2,12,0.2439769616788219,4.021467548710236e-18,0.2812808736180651,1.0149335694450267e-16,1.0,3.6082581035047823e-16,0.3729156199720315,2.8703647773074607e-16,0.0327475999947637,1.0,3.5249931069027956e-16
8.84615385|2|12,ok,,2026-02-20 10:32:40,8.846153846153847,1.5707963267948966,0.5,2,12,0.2491658432682009,7.256274840149223e-18,0.2570069925612697,9.477139992076694e-17,1.0,3.687502998060666e-16,0.3730642160332177,3.273004640555697e-16,0.0296066000009886,1.0,3.594945060398117e-16
9.87692308|2|12,ok,,2026-02-20 10:32:40,9.876923076923076,1.5707963267948966,0.5,2,12,0.1372586525968836,8.815521408774453e-18,0.2341117036475777,8.770081789980059e-17,1.0,3.746109960455261e-16,0.3731427897955771,3.6719262653702253e-16,0.0293290999979944,1.0,3.645778628712941e-16
10.90769231|2|12,ok,,2026-02-20 10:32:40,10.907692307692308,1.5707963267948966,0.5,2,12,0.2773849835654745,1.8310705880825248e-17,0.2126669346972161,8.061964910720125e-17,1.0,3.790887822888825e-16,0.3731846267515848,4.0681965326837077e-16,0.0297483999966061,0.9999998345444678,3.683951986818434e-16
11.93846154|2|12,ok,,2026-02-20 10:32:41,11.93846153846154,1.5707963267948966,0.5,2,12,0.357638538426593,5.382389204600089e-18,0.1926916091973316,7.372426124913351e-17,1.0,3.8260234362363717e-16,0.3732069893940193,4.462715237235109e-16,0.0339855999991414,1.0,3.7133981102472023e-16
12.96923077|2|12,ok,,2026-02-20 10:32:41,12.969230769230771,1.5707963267948966,0.5,2,12,0.5,4.894244548200079e-34,0.1741771079684883,6.713168650161785e-17,0.999989783408255,3.85418046211834e-16,0.3732189671379808,4.856127413445581e-16,0.0306033000015304,1.0,3.736633591691978e-16
14.00000000|2|12,ok,,2026-02-20 10:32:41,14.0,1.5707963267948966,0.5,2,12,0.4027216309267352,1.778968326176735e-18,0.1570981737463424,6.091070677931855e-17,1.0,3.877238374401448e-16,0.3732253879524057,5.248860078959661e-16,0.0302416000049561,1.0,3.7552885644972456e-16
0.60000000|3|4,ok,,2026-02-20 10:32:41,0.6,1.5707963267948966,0.5,3,4,0.3289834567267669,8.156610498446434e-18,0.311532114333834,5.6034702799387626e-18,0.3628146670590665,9.192920631552489e-18,0.2758592045019687,5.626817340958425e-18,0.0065143000028911,0.36059919708377536,9.037513261387737e-18
1.63076923|3|4,ok,,2026-02-20 10:32:41,1.6307692307692307,1.5707963267948966,0.5,3,4,0.2682899329197803,1.403340444965622e-17,0.2404451903580123,2.4885139145322145e-17,0.97124012970106,1.1423742065123592e-16,0.1792896402313683,8.124606517416985e-18,0.0059070999996038,0.9672635880553893,1.1364367642968988e-16
2.66153846|3|4,ok,,2026-02-20 10:32:41,2.661538461538462,1.5707963267948966,0.5,3,4,0.2514485492639486,1.4641222870092914e-17,0.2966037507833744,5.806010802476528e-17,1.0,1.980405826614873e-16,0.1778342297461936,7.56990037935646e-18,0.005892400004086,1.0,1.9723889570822828e-16
3.69230769|3|4,ok,,2026-02-20 10:32:41,3.692307692307693,1.5707963267948966,0.5,3,4,0.2421348241473871,3.877449823331924e-18,0.3495480863455481,9.232230418945848e-17,1.0,2.6442446803553193e-16,0.1854387084102235,7.701089401917914e-18,0.0061204000012367,1.0,2.6209234485969133e-16
4.72307692|3|4,ok,,2026-02-20 10:32:41,4.723076923076923,1.5707963267948966,0.5,3,4,0.2374274191896352,1.5746197783307328e-17,0.3522742268959858,1.0817420831567945e-16,1.0,3.0711847185682216e-16,0.1920699597202911,8.522342345167894e-18,0.0058846999963861,1.0,3.0295711428709814e-16
5.75384615|3|4,ok,,2026-02-20 10:32:41,5.753846153846154,1.5707963267948966,0.5,3,4,0.2366590190770161,6.974040805869295e-18,0.3320370215145246,1.1060959254574412e-16,0.9999999999944778,3.33131013245545e-16,0.1969780688924299,9.700973252988297e-18,0.0060567999971681,0.9999999999944778,3.273101337341187e-16
6.78461538|3|4,ok,,2026-02-20 10:32:41,6.784615384615385,1.5707963267948966,0.5,3,4,0.2391104485666004,6.78838969289149e-18,0.3066730557697036,1.072332464507517e-16,1.0,3.4966735605918195e-16,0.200461455459567,1.101013398292156e-17,0.0060119999980088,1.0,3.4246812667180093e-16
7.81538462|3|4,ok,,2026-02-20 10:32:41,7.815384615384616,1.5707963267948966,0.5,3,4,0.2439769616788219,4.021467548710236e-18,0.2812808736180651,1.0149335694450267e-16,1.0,3.6082581035047823e-16,0.2028883837702718,1.2325442923901685e-17,0.0059554000035859,1.0,3.5249931069027956e-16
8.84615385|3|4,ok,,2026-02-20 10:32:41,8.846153846153847,1.5707963267948966,0.5,3,4,0.2491658432682009,7.256274840149223e-18,0.2570069925612697,9.477139992076694e-17,1.0,3.687502998060666e-16,0.204562899301431,1.3589606515381596e-17,0.0063292000049841,1.0,3.594945060398117e-16
9.87692308|3|4,ok,,2026-02-20 10:32:41,9.876923076923076,1.5707963267948966,0.5,3,4,0.1372586525968836,8.815521408774453e-18,0.2341117036475777,8.770081789980059e-17,1.0,3.746109960455261e-16,0.2057125886434607,1.4783645789265816e-17,0.0061658000049646,1.0,3.645778628712941e-16
10.90769231|3|4,ok,,2026-02-20 10:32:41,10.907692307692308,1.5707963267948966,0.5,3,4,0.2773849835654745,1.8310705880825248e-17,0.2126669346972161,8.061964910720125e-17,1.0,3.790887822888825e-16,0.2065003345492217,1.5907944442682e-17,0.0060641000018222,0.9999998345444678,3.683951986818434e-16
11.93846154|3|4,ok,,2026-02-20 10:32:41,11.93846153846154,1.5707963267948966,0.5,3,4,0.357638538426593,5.382389204600089e-18,0.1926916091973316,7.372426124913351e-17,1.0,3.8260234362363717e-16,0.2070399026344907,1.6971175340795238e-17,0.0060668000005534,1.0,3.7133981102472023e-16
12.96923077|3|4,ok,,2026-02-20 10:32:41,12.969230769230771,1.5707963267948966,0.5,3,4,0.5,4.894244548200079e-34,0.1741771079684883,6.713168650161785e-17,0.999989783408255,3.85418046211834e-16,0.2074096946375154,1.79844334651128e-17,0.0059764000034192,1.0,3.736633591691978e-16
14.00000000|3|4,ok,,2026-02-20 10:32:41,14.0,1.5707963267948966,0.5,3,4,0.4027216309267352,1.778968326176735e-18,0.1570981737463424,6.091070677931855e-17,1.0,3.877238374401448e-16,0.2076633720786003,1.8958445015401625e-17,0.0063471000030403,1.0,3.7552885644972456e-16
0.60000000|3|5,ok,,2026-02-20 10:32:41,0.6,1.5707963267948966,0.5,3,5,0.3289834567267669,8.156610498446434e-18,0.311532114333834,5.6034702799387626e-18,0.3628146670590665,9.192920631552489e-18,0.2806221690364307,1.2199260639574572e-17,0.0218735999951604,0.36059919708377536,9.037513261387737e-18
1.63076923|3|5,ok,,2026-02-20 10:32:41,1.6307692307692307,1.5707963267948966,0.5,3,5,0.2682899329197803,1.403340444965622e-17,0.2404451903580123,2.4885139145322145e-17,0.97124012970106,1.1423742065123592e-16,0.2005209515602202,8.45011898072991e-18,0.022127599993837,0.9672635880553893,1.1364367642968988e-16
2.66153846|3|5,ok,,2026-02-20 10:32:41,2.661538461538462,1.5707963267948966,0.5,3,5,0.2514485492639486,1.4641222870092914e-17,0.2966037507833744,5.806010802476528e-17,1.0,1.980405826614873e-16,0.2064969054990291,7.735772043433433e-18,0.0213122999994084,1.0,1.9723889570822828e-16
3.69230769|3|5,ok,,2026-02-20 10:32:41,3.692307692307693,1.5707963267948966,0.5,3,5,0.2421348241473871,3.877449823331924e-18,0.3495480863455481,9.232230418945848e-17,1.0,2.6442446803553193e-16,0.2175719573345046,5.046059916936525e-18,0.0217760000014095,1.0,2.6209234485969133e-16
4.72307692|3|5,ok,,2026-02-20 10:32:41,4.723076923076923,1.5707963267948966,0.5,3,5,0.2374274191896352,1.5746197783307328e-17,0.3522742268959858,1.0817420831567945e-16,1.0,3.0711847185682216e-16,0.2260312070550012,1.562899849384185e-18,0.0217142999972566,1.0,3.0295711428709814e-16
5.75384615|3|5,ok,,2026-02-20 10:32:41,5.753846153846154,1.5707963267948966,0.5,3,5,0.2366590190770161,6.974040805869295e-18,0.3320370215145246,1.1060959254574412e-16,0.9999999999944778,3.33131013245545e-16,0.2318464107921834,1.7862558724751868e-18,0.0218116999967605,0.9999999999944778,3.273101337341187e-16
6.78461538|3|5,ok,,2026-02-20 10:32:41,6.784615384615385,1.5707963267948966,0.5,3,5,0.2391104485666004,6.78838969289149e-18,0.3066730557697036,1.072332464507517e-16,1.0,3.4966735605918195e-16,0.2357080801571171,4.5688399294681764e-18,0.022633799999312,1.0,3.4246812667180093e-16
7.81538462|3|5,ok,,2026-02-20 10:32:41,7.815384615384616,1.5707963267948966,0.5,3,5,0.2439769616788219,4.021467548710236e-18,0.2812808736180651,1.0149335694450267e-16,1.0,3.6082581035047823e-16,0.2382311372402479,6.661212732033285e-18,0.021599799998512,1.0,3.5249931069027956e-16
8.84615385|3|5,ok,,2026-02-20 10:32:41,8.846153846153847,1.5707963267948966,0.5,3,5,0.2491658432682009,7.256274840149223e-18,0.2570069925612697,9.477139992076694e-17,1.0,3.687502998060666e-16,0.2398663436014742,8.100493521459796e-18,0.021264399998472,1.0,3.594945060398117e-16
9.87692308|3|5,ok,,2026-02-20 10:32:41,9.876923076923076,1.5707963267948966,0.5,3,5,0.1372586525968836,8.815521408774453e-18,0.2341117036475777,8.770081789980059e-17,1.0,3.746109960455261e-16,0.2409222242053518,8.988912315421271e-18,0.0211183999999775,1.0,3.645778628712941e-16
10.90769231|3|5,ok,,2026-02-20 10:32:41,10.907692307692308,1.5707963267948966,0.5,3,5,0.2773849835654745,1.8310705880825248e-17,0.2126669346972161,8.061964910720125e-17,1.0,3.790887822888825e-16,0.2416031283563741,9.441863985492972e-18,0.021652700001141,0.9999998345444678,3.683951986818434e-16
11.93846154|3|5,ok,,2026-02-20 10:32:41,11.93846153846154,1.5707963267948966,0.5,3,5,0.357638538426593,5.382389204600089e-18,0.1926916091973316,7.372426124913351e-17,1.0,3.8260234362363717e-16,0.2420421834892736,9.564286316038708e-18,0.0217277000047033,1.0,3.7133981102472023e-16
12.96923077|3|5,ok,,2026-02-20 10:32:41,12.969230769230771,1.5707963267948966,0.5,3,5,0.5,4.894244548200079e-34,0.1741771079684883,6.713168650161785e-17,0.999989783408255,3.85418046211834e-16,0.242325427730249,9.442585939120017e-18,0.0220301000008475,1.0,3.736633591691978e-16
14.00000000|3|5,ok,,2026-02-20 10:32:41,14.0,1.5707963267948966,0.5,3,5,0.4027216309267352,1.778968326176735e-18,0.1570981737463424,6.091070677931855e-17,1.0,3.877238374401448e-16,0.2425082784989214,9.144026847767276e-18,0.0216672000024118,1.0,3.7552885644972456e-16
0.60000000|3|6,ok,,2026-02-20 10:32:41,0.6,1.5707963267948966,0.5,3,6,0.3289834567267669,8.156610498446434e-18,0.311532114333834,5.6034702799387626e-18,0.3628146670590665,9.192920631552489e-18,0.2850312536948668,1.3946516865818997e-18,0.0761459999994258,0.36059919708377536,9.037513261387737e-18
1.63076923|3|6,ok,,2026-02-20 10:32:41,1.6307692307692307,1.5707963267948966,0.5,3,6,0.2682899329197803,1.403340444965622e-17,0.2404451903580123,2.4885139145322145e-17,0.97124012970106,1.1423742065123592e-16,0.2187311013190162,1.4776119377047164e-17,0.0754746000020532,0.9672635880553893,1.1364367642968988e-16
2.66153846|3|6,ok,,2026-02-20 10:32:41,2.661538461538462,1.5707963267948966,0.5,3,6,0.2514485492639486,1.4641222870092914e-17,0.2966037507833744,5.806010802476528e-17,1.0,1.980405826614873e-16,0.2300506170120332,3.172721958473628e-17,0.0776837000012165,1.0,1.9723889570822828e-16
3.69230769|3|6,ok,,2026-02-20 10:32:41,3.692307692307693,1.5707963267948966,0.5,3,6,0.2421348241473871,3.877449823331924e-18,0.3495480863455481,9.232230418945848e-17,1.0,2.6442446803553193e-16,0.2431492687914709,4.834431176585212e-17,0.0772842000005766,1.0,2.6209234485969133e-16
4.72307692|3|6,ok,,2026-02-20 10:32:41,4.723076923076923,1.5707963267948966,0.5,3,6,0.2374274191896352,1.5746197783307328e-17,0.3522742268959858,1.0817420831567945e-16,1.0,3.0711847185682216e-16,0.2523218722172855,6.456106543505976e-17,0.0763293000054545,1.0,3.0295711428709814e-16
5.75384615|3|6,ok,,2026-02-20 10:32:41,5.753846153846154,1.5707963267948966,0.5,3,6,0.2366590190770161,6.974040805869295e-18,0.3320370215145246,1.1060959254574412e-16,0.9999999999944778,3.33131013245545e-16,0.2582522377731544,8.046620389903503e-17,0.0749646999975084,0.9999999999944778,3.273101337341187e-16
6.78461538|3|6,ok,,2026-02-20 10:32:42,6.784615384615385,1.5707963267948966,0.5,3,6,0.2391104485666004,6.78838969289149e-18,0.3066730557697036,1.072332464507517e-16,1.0,3.4966735605918195e-16,0.2619872865587488,9.622915354201048e-17,0.0760719000027165,1.0,3.4246812667180093e-16
7.81538462|3|6,ok,,2026-02-20 10:32:42,7.815384615384616,1.5707963267948966,0.5,3,6,0.2439769616788219,4.021467548710236e-18,0.2812808736180651,1.0149335694450267e-16,1.0,3.6082581035047823e-16,0.2643171009327809,1.119866887991278e-16,0.0765105999962543,1.0,3.5249931069027956e-16
8.84615385|3|6,ok,,2026-02-20 10:32:42,8.846153846153847,1.5707963267948966,0.5,3,6,0.2491658432682009,7.256274840149223e-18,0.2570069925612697,9.477139992076694e-17,1.0,3.687502998060666e-16,0.2657671266215743,1.278168879071787e-16,0.0769426000042585,1.0,3.594945060398117e-16
9.87692308|3|6,ok,,2026-02-20 10:32:42,9.876923076923076,1.5707963267948966,0.5,3,6,0.1372586525968836,8.815521408774453e-18,0.2341117036475777,8.770081789980059e-17,1.0,3.746109960455261e-16,0.2666707344551245,1.437508661835883e-16,0.0759797000064281,1.0,3.645778628712941e-16
10.90769231|3|6,ok,,2026-02-20 10:32:42,10.907692307692308,1.5707963267948966,0.5,3,6,0.2773849835654745,1.8310705880825248e-17,0.2126669346972161,8.061964910720125e-17,1.0,3.790887822888825e-16,0.2672353840919142,1.5979118860553702e-16,0.076745700003812,0.9999998345444678,3.683951986818434e-16
11.93846154|3|6,ok,,2026-02-20 10:32:42,11.93846153846154,1.5707963267948966,0.5,3,6,0.357638538426593,5.382389204600089e-18,0.1926916091973316,7.372426124913351e-17,1.0,3.8260234362363717e-16,0.2675893487889987,1.7592632640365135e-16,0.075893499997619,1.0,3.7133981102472023e-16
12.96923077|3|6,ok,,2026-02-20 10:32:42,12.969230769230771,1.5707963267948966,0.5,3,6,0.5,4.894244548200079e-34,0.1741771079684883,6.713168650161785e-17,0.999989783408255,3.85418046211834e-16,0.2678119250364285,1.9213968206065682e-16,0.0770580999960657,1.0,3.736633591691978e-16
14.00000000|3|6,ok,,2026-02-20 10:32:42,14.0,1.5707963267948966,0.5,3,6,0.4027216309267352,1.778968326176735e-18,0.1570981737463424,6.091070677931855e-17,1.0,3.877238374401448e-16,0.2679522651457852,2.0841443441426743e-16,0.0756886999952257,1.0,3.7552885644972456e-16
0.60000000|4|3,ok,,2026-02-20 10:32:42,0.6,1.5707963267948966,0.5,4,3,0.3289834567267669,8.156610498446434e-18,0.311532114333834,5.6034702799387626e-18,0.3628146670590665,9.192920631552489e-18,0.2783190849547413,3.4981858344723574e-18,0.0088565000041853,0.36059919708377536,9.037513261387737e-18
1.63076923|4|3,ok,,2026-02-20 10:32:42,1.6307692307692307,1.5707963267948966,0.5,4,3,0.2682899329197803,1.403340444965622e-17,0.2404451903580123,2.4885139145322145e-17,0.97124012970106,1.1423742065123592e-16,0.1682327101681539,3.147962713006201e-17,0.0084279000002425,0.9672635880553893,1.1364367642968988e-16
2.66153846|4|3,ok,,2026-02-20 10:32:42,2.661538461538462,1.5707963267948966,0.5,4,3,0.2514485492639486,1.4641222870092914e-17,0.2966037507833744,5.806010802476528e-17,1.0,1.980405826614873e-16,0.1506324424977481,7.388801815608004e-17,0.0087012000003596,1.0,1.9723889570822828e-16
3.69230769|4|3,ok,,2026-02-20 10:32:42,3.692307692307693,1.5707963267948966,0.5,4,3,0.2421348241473871,3.877449823331924e-18,0.3495480863455481,9.232230418945848e-17,1.0,2.6442446803553193e-16,0.1496309975129,1.2010864566408134e-16,0.0093822999988333,1.0,2.6209234485969133e-16
4.72307692|4|3,ok,,2026-02-20 10:32:42,4.723076923076923,1.5707963267948966,0.5,4,3,0.2374274191896352,1.5746197783307328e-17,0.3522742268959858,1.0817420831567945e-16,1.0,3.0711847185682216e-16,0.1514271654285716,1.6845910276715156e-16,0.0093992999973124,1.0,3.0295711428709814e-16
5.75384615|4|3,ok,,2026-02-20 10:32:42,5.753846153846154,1.5707963267948966,0.5,4,3,0.2366590190770161,6.974040805869295e-18,0.3320370215145246,1.1060959254574412e-16,0.9999999999944778,3.33131013245545e-16,0.1533957689346437,2.182578855502512e-16,0.0087847000031615,0.9999999999944778,3.273101337341187e-16
6.78461538|4|3,ok,,2026-02-20 10:32:42,6.784615384615385,1.5707963267948966,0.5,4,3,0.2391104485666004,6.78838969289149e-18,0.3066730557697036,1.072332464507517e-16,1.0,3.4966735605918195e-16,0.1550719660953523,2.689593817983452e-16,0.0086406999980681,1.0,3.4246812667180093e-16
7.81538462|4|3,ok,,2026-02-20 10:32:42,7.815384615384616,1.5707963267948966,0.5,4,3,0.2439769616788219,4.021467548710236e-18,0.2812808736180651,1.0149335694450267e-16,1.0,3.6082581035047823e-16,0.1564172477043574,3.2012454310339683e-16,0.0093034000019542,1.0,3.5249931069027956e-16
8.84615385|4|3,ok,,2026-02-20 10:32:42,8.846153846153847,1.5707963267948966,0.5,4,3,0.2491658432682009,7.256274840149223e-18,0.2570069925612697,9.477139992076694e-17,1.0,3.687502998060666e-16,0.1574739523443632,3.7143546642899033e-16,0.0093486999976448,1.0,3.594945060398117e-16
9.87692308|4|3,ok,,2026-02-20 10:32:42,9.876923076923076,1.5707963267948966,0.5,4,3,0.1372586525968836,8.815521408774453e-18,0.2341117036475777,8.770081789980059e-17,1.0,3.746109960455261e-16,0.1582944505350017,4.2268205060310085e-16,0.0086300000039045,1.0,3.645778628712941e-16
10.90769231|4|3,ok,,2026-02-20 10:32:42,10.907692307692308,1.5707963267948966,0.5,4,3,0.2773849835654745,1.8310705880825248e-17,0.2126669346972161,8.061964910720125e-17,1.0,3.790887822888825e-16,0.1589262950691623,4.73737816841405e-16,0.0086878000001888,0.9999998345444678,3.683951986818434e-16
11.93846154|4|3,ok,,2026-02-20 10:32:42,11.93846153846154,1.5707963267948966,0.5,4,3,0.357638538426593,5.382389204600089e-18,0.1926916091973316,7.372426124913351e-17,1.0,3.8260234362363717e-16,0.159409467696081,5.245361540485899e-16,0.0090448999981163,1.0,3.7133981102472023e-16
12.96923077|4|3,ok,,2026-02-20 10:32:42,12.969230769230771,1.5707963267948966,0.5,4,3,0.5,4.894244548200079e-34,0.1741771079684883,6.713168650161785e-17,0.999989783408255,3.85418046211834e-16,0.1597765178773774,5.75050801325492e-16,0.0093188000028021,1.0,3.736633591691978e-16
14.00000000|4|3,ok,,2026-02-20 10:32:42,14.0,1.5707963267948966,0.5,4,3,0.4027216309267352,1.778968326176735e-18,0.1570981737463424,6.091070677931855e-17,1.0,3.877238374401448e-16,0.1600534565553158,6.252811265370751e-16,0.0090079999936278,1.0,3.7552885644972456e-16
0.60000000|4|4,ok,,2026-02-20 10:32:42,0.6,1.5707963267948966,0.5,4,4,0.3289834567267669,8.156610498446434e-18,0.311532114333834,5.6034702799387626e-18,0.3628146670590665,9.192920631552489e-18,0.2840765335187266,9.541752872372708e-18,0.1241693000047234,0.36059919708377536,9.037513261387737e-18
1.63076923|4|4,ok,,2026-02-20 10:32:42,1.6307692307692307,1.5707963267948966,0.5,4,4,0.2682899329197803,1.403340444965622e-17,0.2404451903580123,2.4885139145322145e-17,0.97124012970106,1.1423742065123592e-16,0.1868116599179671,2.4603381288936085e-17,0.1210506999996141,0.9672635880553893,1.1364367642968988e-16
2.66153846|4|4,ok,,2026-02-20 10:32:43,2.661538461538462,1.5707963267948966,0.5,4,4,0.2514485492639486,1.4641222870092914e-17,0.2966037507833744,5.806010802476528e-17,1.0,1.980405826614873e-16,0.1776892054149088,3.738083460953957e-17,0.1305625000022701,1.0,1.9723889570822828e-16
3.69230769|4|4,ok,,2026-02-20 10:32:43,3.692307692307693,1.5707963267948966,0.5,4,4,0.2421348241473871,3.877449823331924e-18,0.3495480863455481,9.232230418945848e-17,1.0,2.6442446803553193e-16,0.1813162298402674,5.3082980247515097e-17,0.1243583999967086,1.0,2.6209234485969133e-16
4.72307692|4|4,ok,,2026-02-20 10:32:43,4.723076923076923,1.5707963267948966,0.5,4,4,0.2374274191896352,1.5746197783307328e-17,0.3522742268959858,1.0817420831567945e-16,1.0,3.0711847185682216e-16,0.1861862621046807,7.09407295748657e-17,0.1220371000017621,1.0,3.0295711428709814e-16
5.75384615|4|4,ok,,2026-02-20 10:32:43,5.753846153846154,1.5707963267948966,0.5,4,4,0.2366590190770161,6.974040805869295e-18,0.3320370215145246,1.1060959254574412e-16,0.9999999999944778,3.33131013245545e-16,0.1904335194376893,9.021099127536287e-17,0.1219535999989602,0.9999999999944778,3.273101337341187e-16
6.78461538|4|4,ok,,2026-02-20 10:32:43,6.784615384615385,1.5707963267948966,0.5,4,4,0.2391104485666004,6.78838969289149e-18,0.3066730557697036,1.072332464507517e-16,1.0,3.4966735605918195e-16,0.1938439111075644,1.1027347591675718e-16,0.1231594000055338,1.0,3.4246812667180093e-16
7.81538462|4|4,ok,,2026-02-20 10:32:43,7.815384615384616,1.5707963267948966,0.5,4,4,0.2439769616788219,4.021467548710236e-18,0.2812808736180651,1.0149335694450267e-16,1.0,3.6082581035047823e-16,0.196507818427888,1.3067974324899763e-16,0.1233839000051375,1.0,3.5249931069027956e-16
8.84615385|4|4,ok,,2026-02-20 10:32:43,8.846153846153847,1.5707963267948966,0.5,4,4,0.2491658432682009,7.256274840149223e-18,0.2570069925612697,9.477139992076694e-17,1.0,3.687502998060666e-16,0.1985622512512092,1.5114081744138404e-16,0.123964700003853,1.0,3.594945060398117e-16
9.87692308|4|4,ok,,2026-02-20 10:32:44,9.876923076923076,1.5707963267948966,0.5,4,4,0.1372586525968836,8.815521408774453e-18,0.2341117036475777,8.770081789980059e-17,1.0,3.746109960455261e-16,0.2001356878537989,1.714891411301194e-16,0.1224303999988478,1.0,3.645778628712941e-16
10.90769231|4|4,ok,,2026-02-20 10:32:44,10.907692307692308,1.5707963267948966,0.5,4,4,0.2773849835654745,1.8310705880825248e-17,0.2126669346972161,8.061964910720125e-17,1.0,3.790887822888825e-16,0.2013360873385879,1.916399971066436e-16,0.1239163999998709,0.9999998345444678,3.683951986818434e-16
11.93846154|4|4,ok,,2026-02-20 10:32:44,11.93846153846154,1.5707963267948966,0.5,4,4,0.357638538426593,5.382389204600089e-18,0.1926916091973316,7.372426124913351e-17,1.0,3.8260234362363717e-16,0.2022500672961588,2.115609494399764e-16,0.1232292000058805,1.0,3.7133981102472023e-16
12.96923077|4|4,ok,,2026-02-20 10:32:44,12.969230769230771,1.5707963267948966,0.5,4,4,0.5,4.894244548200079e-34,0.1741771079684883,6.713168650161785e-17,0.999989783408255,3.85418046211834e-16,0.2029454026723624,2.312502656965641e-16,0.123125500002061,1.0,3.736633591691978e-16
14.00000000|4|4,ok,,2026-02-20 10:32:44,14.0,1.5707963267948966,0.5,4,4,0.4027216309267352,1.778968326176735e-18,0.1570981737463424,6.091070677931855e-17,1.0,3.877238374401448e-16,0.20347434514149,2.507227261718425e-16,0.1228903999945032,1.0,3.7552885644972456e-16
