lambda,d_exact_tau,d_exact_weak,d_exact_hmf,d_exact_hmf_v4,d_exact_hmf_sym,d_exact_hmf_eq67,d_exact_hmf_ord,d_exact_hmf_collapsed_direct,d_sym_eq67,d_sym_ord,d_eq67_ord,d_eq67_collapsed_direct,d_exact_eq67_xonly,d_exact_eq67_zonly,d_exact_us,d_weak_tau,d_us_projector_vs_closed,q_reorg,alpha0,delta_x0,delta_y0,delta_z0,kernel_eff_v4,kernel_base_v4,lambda_paper_v4,sym_nonherm_maxabs,eq67_nonherm_maxabs,collapsed_direct_nonherm_maxabs,eq67_xonly_nonherm_maxabs,eq67_zonly_nonherm_maxabs,delta_x_amp_eq67,delta_z_amp_eq67,hx_v4,hy_v4,hz_v4,phi_v4,hx_v4_rot,hy_v4_rot,hx_eq67,hy_eq67,hz_eq67,phi_eq67,hx_eq67_rot,hy_eq67_rot,hx_num_lab,hy_num_lab,hz_num,hx_ord,hy_ord,hz_ord,hx_num_rot,hy_num_rot,exact_bloch_x,exact_bloch_y,exact_bloch_z,exact_coherence_hs,tau_bloch_x,tau_bloch_y,tau_bloch_z,tau_coherence_hs,weak_bloch_x,weak_bloch_y,weak_bloch_z,weak_coherence_hs,hmf_bloch_x,hmf_bloch_y,hmf_bloch_z,hmf_coherence_hs,sym_bloch_x,sym_bloch_y,sym_bloch_z,sym_coherence_hs,eq67_bloch_x,eq67_bloch_y,eq67_bloch_z,eq67_coherence_hs,ord_bloch_x,ord_bloch_y,ord_bloch_z,ord_coherence_hs,collapsed_direct_bloch_x,collapsed_direct_bloch_y,collapsed_direct_bloch_z,collapsed_direct_coherence_hs,eq67_xonly_bloch_x,eq67_xonly_bloch_y,eq67_xonly_bloch_z,eq67_xonly_coherence_hs,eq67_zonly_bloch_x,eq67_zonly_bloch_y,eq67_zonly_bloch_z,eq67_zonly_coherence_hs,us_bloch_x,us_bloch_y,us_bloch_z,us_coherence_hs,res_sym_minus_exact_bloch_x,res_eq67_minus_exact_bloch_x,res_ord_minus_exact_bloch_x,res_sym_minus_ord_bloch_x,res_eq67_minus_ord_bloch_x,res_sym_minus_exact_bloch_y,res_eq67_minus_exact_bloch_y,res_ord_minus_exact_bloch_y,res_sym_minus_ord_bloch_y,res_eq67_minus_ord_bloch_y,res_sym_minus_exact_bloch_z,res_eq67_minus_exact_bloch_z,res_ord_minus_exact_bloch_z,res_sym_minus_ord_bloch_z,res_eq67_minus_ord_bloch_z
0.0,1.1102230246251565e-16,6.591949208711867e-17,6.938893903907228e-17,6.938893903907228e-17,6.938893903907228e-17,6.245004513516506e-17,6.938893903907228e-18,6.591949208711867e-17,2.0816681711721685e-17,6.245004513516506e-17,6.938893903907228e-17,1.734723475976807e-17,6.591949208711867e-17,6.591949208711867e-17,0.11238574846349797,6.591949208711867e-17,4.440892098500626e-16,45.51495917554019,48.33279089167917,31.792963508558618,28.77734539796681,4.328654843111006,0.0,275.1428437036148,0.0,0.0,0.0,0.0,0.0,0.0,0.0,-0.0,-0.0,-0.0,1.5000000000000004,-3.141592653589793,0.0,0.0,-0.0,-0.0,1.5000000000000004,-3.141592653589793,0.0,0.0,-0.0,-0.0,1.5000000000000004,-0.0,-0.0,1.5000000000000009,0.0,0.0,0.0,0.0,-0.9051482536448664,0.0,0.0,0.0,-0.9051482536448666,0.0,0.0,0.0,-0.9051482536448665,0.0,0.0,0.0,-0.9051482536448665,0.0,0.0,0.0,-0.9051482536448665,0.0,0.0,0.0,-0.9051482536448665,0.0,0.0,0.0,-0.9051482536448664,0.0,0.0,0.0,-0.9051482536448665,0.0,0.0,0.0,-0.9051482536448665,0.0,0.0,0.0,-0.9051482536448665,0.0,0.22176226123636067,0.0,-0.8684913945031085,0.22176226123636067,0.0,0.0,0.0,0.0,0.0,0.0,0.0,0.0,0.0,0.0,-1.1102230246251565e-16,-1.1102230246251565e-16,0.0,-1.1102230246251565e-16,-1.1102230246251565e-16
0.16666666666666666,0.033319088989630936,0.334104591399662,0.1371702177503295,0.1371702177503295,0.1371702177503295,0.2960283381495845,0.019124904864818767,0.05213060496491534,0.17697811205499264,0.11913165170048384,0.2769607352101033,0.24414506188560675,0.35592893803546943,0.0615859581404916,0.07908294621503133,0.36708854524604934,4.440892098500626e-16,45.51495917554019,48.33279089167917,31.792963508558618,28.77734539796681,4.328654843111006,110.72865014910259,275.1428437036148,0.40244059652294656,5.551115123125783e-17,0.7165476645868533,2.914335439641036e-16,0.9051482536448664,0.0,26.543071368324934,-6.77755883829517,-5.540844692607308,-0.0,15.504758578669874,-3.141592653589793,5.540844692607308,-6.78557771737414e-16,-10.59512876939286,-0.0,12.603243425817631,-3.141592653589793,10.59512876939286,-1.2975290533991e-15,-0.10756430992679933,-0.0,1.4600945803038772,-0.16840005885523845,-0.0,1.443922999440805,0.10756430992679933,-1.3172828785434867e-17,0.0660084182025491,0.0,-0.8960084784401273,0.0660084182025491,0.0,0.0,-0.9051482536448666,0.0,0.7069938398752582,0.0,-0.7072197044613773,0.7069938398752582,0.33652119399937813,0.0,-0.9416758922204779,0.33652119399937813,0.33652119399937813,0.0,-0.9416758922204779,0.33652119399937813,0.6434913053618665,0.0,-0.765453421132652,0.6434913053618665,0.10384318315424526,0.0,-0.8903890028949026,0.10384318315424526,0.16933679934567722,0.0,-0.8820928201239473,0.16933679934567722,0.7413932584733398,0.0,-0.6710708131712207,0.7413932584733398,0.0,0.0,-0.9999998708085677,0.0,0.22176226123636067,0.0,-0.8684913945031085,0.22176226123636067,0.27051277579682903,0.5774828871593174,0.03783476495169616,0.23267801084513287,0.5396481222076213,0.0,0.0,0.0,0.0,0.0,-0.04566741378035055,0.1305550573074753,0.005619475545224684,-0.051286889325575236,0.12493558176225061
0.3333333333333333,0.0681039607200353,0.5339480120022494,0.1046366591577224,0.1046366591577224,0.1046366591577224,0.2613556675715589,0.01717621986060878,0.18313845318904823,0.17697811205499264,0.08939663016463342,0.24421525916760178,0.08119613109250426,0.32173080326774717,0.08833393868716644,0.044322131913304384,0.5938843263334979,4.440892098500626e-16,45.51495917554019,48.33279089167917,31.792963508558618,28.77734539796681,4.328654843111006,442.91460059641037,275.1428437036148,1.6097623860917862,0.0,0.7165476645868533,8.881784197001252e-16,0.9051482536448665,0.0,106.17228547329974,-27.11023535318068,-5.540844692607307,-0.0,15.504758578669874,-3.141592653589793,5.540844692607307,-6.785577717374139e-16,-10.59512876939286,-0.0,12.603243425817631,-3.141592653589793,10.59512876939286,-1.2975290533991e-15,-0.2184590256885128,-0.0,1.4352612955925712,-0.27332080611033066,-0.0,1.4258743846588093,0.2184590256885128,-2.6753514655428662e-17,0.1348330191862042,0.0,-0.8858439846828692,0.1348330191862042,0.0,0.0,-0.9051482536448666,0.0,0.9742077221682129,0.0,-0.22565308344408241,0.9742077221682129,0.3365211939993781,0.0,-0.9416758922204779,0.3365211939993781,0.3365211939993781,0.0,-0.9416758922204779,0.3365211939993781,0.6434913053618665,0.0,-0.765453421132652,0.6434913053618665,0.1686903954491074,0.0,-0.8800329445529025,0.1686903954491074,0.4978868759883614,0.0,-0.8373602842569778,0.4978868759883614,0.7413932584733399,0.0,-0.6710708131712207,0.7413932584733399,0.0,0.0,-1.0,0.0,0.22176226123636067,0.0,-0.8684913945031085,0.22176226123636067,0.2016881748131739,0.5086582861756623,0.03385737626290322,0.16783079855027067,0.4748009099127591,0.0,0.0,0.0,0.0,0.0,-0.055831907537608694,0.12039056355021716,0.005811040129966694,-0.06164294766757539,0.11457952342025046
0.5,0.08338671757229087,0.5739651465393603,0.0910033889517475,0.0910033889517475,0.0910033889517475,0.24610645281453475,0.011356372013109472,0.19817409353322327,0.17697811205499261,0.0814353113425578,0.23476120052325308,0.053331427649693244,0.3066905006544697,0.1017659813335551,0.02904803458109548,0.6438780943022155,4.440892098500626e-16,45.51495917554019,48.33279089167917,31.792963508558618,28.77734539796681,4.328654843111006,996.5578513419234,275.1428437036148,3.6219653687065194,2.7755575615628914e-17,0.7165476645868533,9.992007221626409e-16,0.9051482536448672,0.0,238.88764231492445,-60.99802954465653,-5.54084469260731,-0.0,15.504758578669874,-3.141592653589793,5.54084469260731,-6.785577717374142e-16,-10.59512876939286,-0.0,12.603243425817631,-3.141592653589793,10.59512876939286,-1.2975290533991e-15,-0.2673785059506012,-0.0,1.4274390909651424,-0.30357386122849167,-0.0,1.4207102426163718,0.2673785059506012,-3.274442314732053e-17,0.16498953724202722,0.0,-0.8808206711388772,0.16498953724202722,0.0,0.0,-0.9051482536448666,0.0,0.9960384853825722,0.0,-0.08892320077905158,0.9960384853825722,0.3365211939993782,0.0,-0.9416758922204779,0.3365211939993782,0.3365211939993782,0.0,-0.9416758922204779,0.3365211939993782,0.6434913053618665,0.0,-0.765453421132652,0.6434913053618665,0.1872790007596684,0.0,-0.8764562058455925,0.1872790007596684,0.5579593383893038,0.0,-0.8291813375148962,0.5579593383893038,0.74139325847334,0.0,-0.6710708131712203,0.74139325847334,0.0,0.0,-1.0,0.0,0.22176226123636067,0.0,-0.8684913945031085,0.22176226123636067,0.17153165675735096,0.47850176811983924,0.02228946351764119,0.14924219323970978,0.4562123046021981,0.0,0.0,0.0,0.0,0.0,-0.060855221081600686,0.11536725000622516,0.004364465293284714,-0.0652196863748854,0.11100278471294045
0.6666666666666666,0.09055886051694542,0.5865384739356327,0.0848738904388986,0.0848738904388986,0.0848738904388986,0.23893901803503265,0.008718833622685052,0.1916506023193602,0.17697811205499264,0.07779256031546296,0.2302240561681986,0.05277000669715498,0.2996115641561229,0.10830195806036158,0.02187476557391407,0.6610455792725495,4.440892098500626e-16,45.51495917554019,48.33279089167917,31.792963508558618,28.77734539796681,4.328654843111006,1771.6584023856415,275.1428437036148,6.439049544367145,5.551115123125783e-17,0.7165476645868533,9.992007221626409e-16,0.9051482536448665,0.0,424.68914189319895,-108.44094141272272,-5.540844692607308,-0.0,15.504758578669874,-3.141592653589793,5.540844692607308,-6.78557771737414e-16,-10.59512876939286,-0.0,12.603243425817631,-3.141592653589793,10.59512876939286,-1.2975290533991e-15,-0.29032046680331985,-0.0,1.4235352636226335,-0.31799978906524823,-0.0,1.4177942829354562,0.29032046680331985,-3.555400303976511e-17,0.17909805736136603,0.0,-0.8781757728191222,0.17909805736136603,0.0,0.0,-0.9051482536448666,0.0,0.9992225893488396,0.0,-0.039423558122021696,0.9992225893488396,0.33652119399937813,0.0,-0.9416758922204779,0.33652119399937813,0.33652119399937813,0.0,-0.9416758922204779,0.33652119399937813,0.6434913053618665,0.0,-0.765453421132652,0.6434913053618665,0.1961567279113223,0.0,-0.8745599744248104,0.1961567279113223,0.559232692082927,0.0,-0.8290079686928483,0.559232692082927,0.7413932584733399,0.0,-0.6710708131712207,0.7413932584733399,0.0,0.0,-1.0,0.0,0.22176226123636067,0.0,-0.8684913945031085,0.22176226123636067,0.1574231366380121,0.46439324800050047,0.017058670549956273,0.14036446608805583,0.44733457745054417,0.0,0.0,0.0,0.0,0.0,-0.06350011940135569,0.11272235168647016,0.003615798394311809,-0.0671159177956675,0.10910655329215835
0.8333333333333333,0.09468601397978667,0.5916652900623095,0.08145761634286361,0.08145761634286361,0.08145761634286361,0.23480977999600292,0.007391821941921187,0.18753177420374684,0.17697811205499256,0.07560728698871644,0.22741961080246087,0.052767748405662444,0.2955280210009462,0.11212413227379242,0.01774385531794837,0.6688834570756288,4.440892098500626e-16,45.51495917554019,48.33279089167917,31.792963508558618,28.77734539796681,4.328654843111006,2768.2162537275644,275.1428437036148,10.061014913073663,0.0,0.7165476645868533,8.881784197001252e-16,0.9051482536448661,0.0,663.5767842081234,-169.43897095737924,-5.540844692607312,-0.0,15.504758578669874,-3.141592653589793,5.540844692607312,-6.785577717374145e-16,-10.59512876939286,-0.0,12.603243425817631,-3.141592653589793,10.59512876939286,-1.2975290533991e-15,-0.303482587552393,-0.0,1.42102475340236,-0.3268902927589596,-0.0,1.4158752651309683,0.303482587552393,-3.716589794429945e-17,0.18719737246324866,0.0,-0.8765316725007609,0.18719737246324866,0.0,0.0,-0.9051482536448666,0.0,0.9998656542394557,0.0,-0.016391262071757506,0.9998656542394557,0.3365211939993783,0.0,-0.9416758922204779,0.3365211939993783,0.3365211939993783,0.0,-0.9416758922204779,0.3365211939993783,0.6434913053618665,0.0,-0.765453421132652,0.6434913053618665,0.20163118210646866,0.0,-0.8733346010802951,0.20163118210646866,0.5592378225851927,0.0,-0.829007270168048,0.5592378225851927,0.7413932584733397,0.0,-0.6710708131712211,0.7413932584733397,0.0,0.0,-1.0,0.0,0.22176226123636067,0.0,-0.8684913945031085,0.22176226123636067,0.14932382153612964,0.45629393289861786,0.014433809643219997,0.13489001189290964,0.4418601232553978,0.0,0.0,0.0,0.0,0.0,-0.06514421971971696,0.1110782513681089,0.003197071420465769,-0.06834129114018272,0.10788117994764312
1.0,0.09743068924903324,0.59402647355639,0.07923814253743758,0.07923814253743758,0.07923814253743758,0.23206176448136312,0.006564407052722061,0.18479213878610518,0.17697811205499261,0.07414156235159947,0.22549815561232722,0.05276774653302094,0.2928080473205641,0.11468839219348417,0.014995242711962892,0.67310728508348,4.440892098500626e-16,45.51495917554019,48.33279089167917,31.792963508558618,28.77734539796681,4.328654843111006,3986.2314053676937,275.1428437036148,14.487861474826078,2.7755575615628914e-17,0.7165476645868533,9.992007221626409e-16,0.9051482536448672,0.0,955.5505692596978,-243.99211817862613,-5.54084469260731,-0.0,15.504758578669874,-3.141592653589793,5.54084469260731,-6.785577717374142e-16,-10.59512876939286,-0.0,12.603243425817631,-3.141592653589793,10.59512876939286,-1.2975290533991e-15,-0.3122160547117162,-0.0,1.419236596751155,-0.33297179028782004,-0.0,1.414517880868563,0.3122160547117162,-3.8235439204511814e-17,0.192575174913842,0.0,-0.8753865528018387,0.192575174913842,0.0,0.0,-0.9051482536448666,0.0,0.9999925246749815,0.0,-0.0038665998185118955,0.9999925246749815,0.3365211939993782,0.0,-0.9416758922204779,0.3365211939993782,0.3365211939993782,0.0,-0.9416758922204779,0.3365211939993782,0.6434913053618665,0.0,-0.765453421132652,0.6434913053618665,0.2053766819022177,0.0,-0.8724732765290015,0.2053766819022177,0.5592378268395842,0.0,-0.8290072695888069,0.5592378268395842,0.74139325847334,0.0,-0.6710708131712203,0.74139325847334,0.0,0.0,-1.0,0.0,0.22176226123636067,0.0,-0.8684913945031085,0.22176226123636067,0.1439460190855362,0.4509161304480245,0.012801506988375705,0.1311445120971605,0.4381146234596488,0.0,0.0,0.0,0.0,0.0,-0.06628933941863913,0.10993313166918672,0.0029132762728372175,-0.06920261569147634,0.1070198553963495
1.1666666666666665,0.09941787674784153,0.5951738561648185,0.07765954563226993,0.07765954563226993,0.07765954563226993,0.2300712750063671,0.005971587146705454,0.18280930245811183,0.17697811205499261,0.07309215448624301,0.2241000953399763,0.0527677465327004,0.2908367287788809,0.11655508598170268,0.013004509762481076,0.6756417800999484,4.440892098500626e-16,45.51495917554019,48.33279089167917,31.792963508558618,28.77734539796681,4.328654843111006,5425.703857306026,275.1428437036148,19.71958922962438,0.0,0.7165476645868533,9.992007221626409e-16,0.9051482536448658,0.0,1300.6104970479219,-332.1003830764633,-5.54084469260731,-0.0,15.504758578669874,-3.141592653589793,5.54084469260731,-6.785577717374142e-16,-10.59512876939286,-0.0,12.603243425817631,-3.141592653589793,10.59512876939286,-1.2975290533991e-15,-0.31853011161459,-0.0,1.4178890061815161,-0.3373918964719234,-0.0,1.4135095048792359,0.31853011161459,-3.9008688162085676e-17,0.19646464392163243,0.0,-0.8745328889248078,0.19646464392163243,0.0,0.0,-0.9051482536448666,0.0,0.9999932043451727,0.0,0.00368663308097944,0.9999932043451727,0.3365211939993782,0.0,-0.9416758922204779,0.3365211939993782,0.3365211939993782,0.0,-0.9416758922204779,0.3365211939993782,0.6434913053618665,0.0,-0.765453421132652,0.6434913053618665,0.20809926113314392,0.0,-0.8718356506067515,0.20809926113314392,0.5592378268403125,0.0,-0.8290072695887079,0.5592378268403125,0.7413932584733396,0.0,-0.6710708131712209,0.7413932584733396,0.0,0.0,-1.0,0.0,0.22176226123636067,0.0,-0.8684913945031085,0.22176226123636067,0.14005655007774576,0.44702666144023406,0.011634617211511489,0.12842193286623427,0.4353920442287226,0.0,0.0,0.0,0.0,0.0,-0.06714300329567002,0.10907946779215583,0.0026972383180563497,-0.06984024161372637,0.10638222947409948
1.3333333333333333,0.10093346825154209,0.5957319010326673,0.0764724952225428,0.0764724952225428,0.0764724952225428,0.22855270719226622,0.005513796990469684,0.18129746412123746,0.17697811205499264,0.07230578720284989,0.22303912095133496,0.052767746532700346,0.2893321643065754,0.11798409744970687,0.01148583748960377,0.6772816035224338,4.440892098500626e-16,45.51495917554019,48.33279089167917,31.792963508558618,28.77734539796681,4.328654843111006,7086.633609542566,275.1428437036148,25.75619817746858,0.0,0.7165476645868533,9.43689570931383e-16,0.9051482536448664,0.0,1698.7565675727958,-433.7637656508909,-5.540844692607308,-0.0,15.504758578669874,-3.141592653589793,5.540844692607308,-6.78557771737414e-16,-10.59512876939286,-0.0,12.603243425817631,-3.141592653589793,10.59512876939286,-1.2975290533991e-15,-0.3233410107226827,-0.0,1.4168342712393323,-0.3407435725012624,-0.0,1.4127327249176607,0.3233410107226827,-3.9597853381460335e-17,0.19942877969557157,0.0,-0.8738685176761056,0.19942877969557157,0.0,0.0,-0.9051482536448666,0.0,0.9999631163069467,0.0,0.008588715020283133,0.9999631163069467,0.33652119399937813,0.0,-0.9416758922204779,0.33652119399937813,0.33652119399937813,0.0,-0.9416758922204779,0.33652119399937813,0.6434913053618665,0.0,-0.765453421132652,0.6434913053618665,0.21016390671819749,0.0,-0.8713456469270309,0.21016390671819749,0.5592378268403126,0.0,-0.8290072695887079,0.5592378268403126,0.7413932584733398,0.0,-0.6710708131712207,0.7413932584733398,0.0,0.0,-1.0,0.0,0.22176226123636067,0.0,-0.8684913945031085,0.22176226123636067,0.13709241430380656,0.4440625256662949,0.010735127022625912,0.12635728728118065,0.433327398643669,0.0,0.0,0.0,0.0,0.0,-0.06780737454437225,0.1084150965434536,0.002522870749074757,-0.070330245293447,0.10589222579437885
1.5,0.10213083549936551,0.59598404058746,0.0755455081418519,0.0755455081418519,0.0755455081418519,0.22735272389275352,0.005144702771531157,0.18010334649139734,0.17697811205499264,0.07169611653766325,0.22220812792515823,0.05276774653270021,0.2881428710831426,0.11911615946892998,0.010285810549819165,0.678403458538879,4.440892098500626e-16,45.51495917554019,48.33279089167917,31.792963508558618,28.77734539796681,4.328654843111006,8969.020662077311,275.1428437036148,32.59768831835868,2.7755575615628914e-17,0.7165476645868533,8.326672684688674e-16,0.9051482536448654,0.0,2149.98878083432,-548.9822659019088,-5.540844692607308,-0.0,15.504758578669874,-3.141592653589793,5.540844692607308,-6.78557771737414e-16,-10.59512876939286,-0.0,12.603243425817631,-3.141592653589793,10.59512876939286,-1.2975290533991e-15,-0.3271390239668293,-0.0,1.4159854545900095,-0.34336709717684605,-0.0,1.4121174030708898,0.3271390239668293,-4.006297585771668e-17,0.20176915339034937,0.0,-0.8733356935571355,0.20176915339034937,0.0,0.0,-0.9051482536448666,0.0,0.999928605403798,0.0,0.011949229900511671,0.999928605403798,0.33652119399937813,0.0,-0.9416758922204779,0.33652119399937813,0.33652119399937813,0.0,-0.9416758922204779,0.33652119399937813,0.6434913053618665,0.0,-0.765453421132652,0.6434913053618665,0.21178011194769503,0.0,-0.8709581790581872,0.21178011194769503,0.5592378268403129,0.0,-0.8290072695887076,0.5592378268403129,0.7413932584733396,0.0,-0.6710708131712211,0.7413932584733396,0.0,0.0,-1.0,0.0,0.22176226123636067,0.0,-0.8684913945031085,0.22176226123636067,0.13475204060902876,0.4417221519715171,0.010010958557345656,0.1247410820516831,0.43171119341417147,0.0,0.0,0.0,0.0,0.0,-0.0683401986633424,0.10788227242448345,0.0023775144989482966,-0.0707177131622907,0.10550475792553515
1.6666666666666665,0.103101753984356,0.5960701789867374,0.07480110940380277,0.07480110940380277,0.07480110940380277,0.22637951897246694,0.0048385079503708295,0.1791352576335434,0.1769781120549926,0.07121078347394824,0.22154106205709984,0.052767746532700346,0.2871780931351821,0.12003606010939441,0.009312590136272093,0.6792046975445818,4.440892098500626e-16,45.51495917554019,48.33279089167917,31.792963508558618,28.77734539796681,4.328654843111006,11072.865014910258,275.1428437036148,40.24405965229465,0.0,0.7165476645868533,8.881784197001252e-16,0.9051482536448661,0.0,2654.3071368324936,-677.755883829517,-5.540844692607311,-0.0,15.504758578669874,-3.141592653589793,5.540844692607311,-6.785577717374143e-16,-10.59512876939286,-0.0,12.603243425817631,-3.141592653589793,10.59512876939286,-1.2975290533991e-15,-0.3302169939715106,-0.0,1.4152873901780463,-0.34547205306313233,-0.0,1.4116190789570058,0.3302169939715106,-4.043991846912713e-17,0.20366600838907947,0.0,-0.8728985447242873,0.20366600838907947,0.0,0.0,-0.9051482536448666,0.0,0.9998969940547574,0.0,0.014352744694323627,0.9998969940547574,0.33652119399937824,0.0,-0.9416758922204779,0.33652119399937824,0.33652119399937824,0.0,-0.9416758922204779,0.33652119399937824,0.6434913053618665,0.0,-0.765453421132652,0.6434913053618665,0.2130769230450738,0.0,-0.8706448095843923,0.2130769230450738,0.5592378268403126,0.0,-0.8290072695887079,0.5592378268403126,0.7413932584733398,0.0,-0.6710708131712209,0.7413932584733398,0.0,0.0,-1.0,0.0,0.22176226123636067,0.0,-0.8684913945031085,0.22176226123636067,0.13285518561029877,0.43982529697278705,0.009410914655994335,0.12344427095430444,0.4304143823167927,0.0,0.0,0.0,0.0,0.0,-0.06877734749619058,0.10744512359163527,0.002253735139895019,-0.0710310826360856,0.10519138845174025
1.8333333333333333,0.10390529041211238,0.5960638307913054,0.07419012003103037,0.07419012003103037,0.07419012003103037,0.22557398146433913,0.004579051456664838,0.17833420071318729,0.17697811205499264,0.07081620770297668,0.22099495161400018,0.052767746532700235,0.2863793658132725,0.12079865125840433,0.00850705040206968,0.6797968634106709,4.440892098500626e-16,45.51495917554019,48.33279089167917,31.792963508558618,28.77734539796681,4.328654843111006,13398.166668041415,275.1428437036148,48.695312179276534,1.3877787807814457e-16,0.7165476645868533,8.326672684688674e-16,0.9051482536448665,0.0,3211.7116355673174,-820.0846194337156,-5.540844692607308,-0.0,15.504758578669874,-3.141592653589793,5.540844692607308,-6.78557771737414e-16,-10.59512876939286,-0.0,12.603243425817631,-3.141592653589793,10.59512876939286,-1.2975290533991e-15,-0.33276315263513306,-0.0,1.414703145860907,-0.34719464244473797,-0.0,1.4112082138222934,0.33276315263513306,-4.075173297487978e-17,0.2052352409622981,0.0,-0.8725333280792748,0.2052352409622981,0.0,0.0,-0.9051482536448666,0.0,0.9998698883096054,0.0,0.016130916022874642,0.9998698883096054,0.33652119399937813,0.0,-0.9416758922204779,0.33652119399937813,0.33652119399937813,0.0,-0.9416758922204779,0.33652119399937813,0.6434913053618665,0.0,-0.765453421132652,0.6434913053618665,0.21413821229002322,0.0,-0.870386714348572,0.21413821229002322,0.5592378268403129,0.0,-0.8290072695887077,0.5592378268403129,0.7413932584733399,0.0,-0.6710708131712207,0.7413932584733399,0.0,0.0,-1.0,0.0,0.22176226123636067,0.0,-0.8684913945031085,0.22176226123636067,0.13128595303708004,0.43825606439956843,0.008902971327725134,0.12238298170935491,0.4293530930718433,0.0,0.0,0.0,0.0,0.0,-0.06914256414120312,0.10707990694662273,0.0021466137307027955,-0.07128917787190592,0.10493329321591993
2.0,0.10458144377436832,0.5960055205911956,0.0736796442533491,0.0736796442533491,0.0736796442533491,0.2248960695277984,0.004355449077704,0.17766023395647582,0.17697811205499261,0.07048987110437846,0.2205406275115261,0.052767746532700235,0.285707068839236,0.12144122791980863,0.007829142356968051,0.6802468751921475,4.440892098500626e-16,45.51495917554019,48.33279089167917,31.792963508558618,28.77734539796681,4.328654843111006,15944.925621470775,275.1428437036148,57.95144589930431,5.551115123125783e-17,0.7165476645868533,9.992007221626409e-16,0.9051482536448674,0.0,3822.202277038791,-975.9684727145045,-5.54084469260731,-0.0,15.504758578669874,-3.141592653589793,5.54084469260731,-6.785577717374142e-16,-10.59512876939286,-0.0,12.603243425817631,-3.141592653589793,10.59512876939286,-1.2975290533991e-15,-0.334904843383824,-0.0,1.414206983168338,-0.3486272405136202,-0.0,1.4108644192859434,0.334904843383824,-4.101401444689457e-17,0.20655527424485545,0.0,-0.8722236092374018,0.20655527424485545,0.0,0.0,-0.9051482536448666,0.0,0.9998471561365607,0.0,0.01748325958257374,0.9998471561365607,0.3365211939993782,0.0,-0.9416758922204779,0.3365211939993782,0.3365211939993782,0.0,-0.9416758922204779,0.3365211939993782,0.6434913053618665,0.0,-0.765453421132652,0.6434913053618665,0.2150208683908309,0.0,-0.8701709372154955,0.2150208683908309,0.5592378268403129,0.0,-0.8290072695887077,0.5592378268403129,0.7413932584733403,0.0,-0.6710708131712203,0.7413932584733403,0.0,0.0,-1.0,0.0,0.22176226123636067,0.0,-0.8684913945031085,0.22176226123636067,0.12996591975452274,0.43693603111701107,0.008465594145975447,0.12150032560854729,0.4284704369710356,0.0,0.0,0.0,0.0,0.0,-0.06945228298307604,0.10677018810474981,0.0020526720219062877,-0.07150495500498233,0.10471751608284352
2.1666666666666665,0.10515834935659354,0.5959184201500389,0.0732467951746945,0.0732467951746945,0.0732467951746945,0.2243176104778244,0.004160021691812435,0.17708526860888885,0.17697811205499264,0.0702161139804412,0.2201575898741751,0.052767746532700235,0.2851333166457284,0.12199010850285436,0.007250689772713904,0.6805968623418515,4.440892098500626e-16,45.51495917554019,48.33279089167917,31.792963508558618,28.77734539796681,4.328654843111006,18713.141875198336,275.1428437036148,68.01246081237797,8.326672684688674e-17,0.7165476645868533,7.216449660063518e-16,0.9051482536448665,0.0,4485.779061246913,-1145.4074436718836,-5.540844692607308,-0.0,15.504758578669874,-3.141592653589793,5.540844692607308,-6.78557771737414e-16,-10.59512876939286,-0.0,12.603243425817631,-3.141592653589793,10.59512876939286,-1.2975290533991e-15,-0.33673156940952337,-0.0,1.4137803894473062,-0.34983472227228596,-0.0,1.4105731705497977,0.33673156940952337,-4.123772386492376e-17,0.20768123586269843,0.0,-0.8719576220124957,0.20768123586269843,0.0,0.0,-0.9051482536448666,0.0,0.9998282003626671,0.0,0.018535634856953587,0.9998282003626671,0.33652119399937813,0.0,-0.9416758922204779,0.33652119399937813,0.33652119399937813,0.0,-0.9416758922204779,0.33652119399937813,0.6434913053618665,0.0,-0.765453421132652,0.6434913053618665,0.21576484708646118,0.0,-0.8699882689490617,0.21576484708646118,0.5592378268403129,0.0,-0.8290072695887077,0.5592378268403129,0.7413932584733399,0.0,-0.6710708131712207,0.7413932584733399,0.0,0.0,-1.0,0.0,0.22176226123636067,0.0,-0.8684913945031085,0.22176226123636067,0.1288399581366797,0.43581006949916806,0.008083611223762749,0.12075634691291695,0.42772645827540534,0.0,0.0,0.0,0.0,0.0,-0.06971827020798216,0.10650420087984369,0.001969353063434043,-0.0716876232714162,0.10453484781640965
2.333333333333333,0.10565640142584773,0.5958161425534318,0.07287514400836198,0.07287514400836198,0.07287514400836198,0.22381817861336434,0.003987170630247844,0.17658894823454996,0.17697811205499261,0.0699837111255143,0.21983100806339756,0.0527677465327004,0.28463788586860467,0.12246442100228518,0.006751265172408738,0.680874423914476,4.440892098500626e-16,45.51495917554019,48.33279089167917,31.792963508558618,28.77734539796681,4.328654843111006,21702.815429224105,275.1428437036148,78.87835691849752,0.0,0.7165476645868533,9.43689570931383e-16,0.905148253644866,0.0,5202.441988191687,-1328.4015323058532,-5.54084469260731,-0.0,15.504758578669874,-3.141592653589793,5.54084469260731,-6.785577717374142e-16,-10.59512876939286,-0.0,12.603243425817631,-3.141592653589793,10.59512876939286,-1.2975290533991e-15,-0.33830816593595425,-0.0,1.413409701112047,-0.3508639936232198,-0.0,1.4103238405490712,0.33830816593595425,-4.14308012538878e-17,0.20865306418350607,0.0,-0.8717267118510893,0.20865306418350607,0.0,0.0,-0.9051482536448666,0.0,0.9998123719622672,0.0,0.01937061876102597,0.9998123719622672,0.3365211939993782,0.0,-0.9416758922204779,0.3365211939993782,0.3365211939993782,0.0,-0.9416758922204779,0.3365211939993782,0.6434913053618665,0.0,-0.765453421132652,0.6434913053618665,0.2163990389305519,0.0,-0.8698319839664124,0.2163990389305519,0.5592378268403125,0.0,-0.8290072695887079,0.5592378268403125,0.7413932584733397,0.0,-0.6710708131712211,0.7413932584733397,0.0,0.0,-1.0,0.0,0.22176226123636067,0.0,-0.8684913945031085,0.22176226123636067,0.12786812981587212,0.43483824117836045,0.007745974747045831,0.12012215506882629,0.4270922664313146,0.0,0.0,0.0,0.0,0.0,-0.06994918036938857,0.10627329071843727,0.0018947278846769278,-0.0718439082540655,0.10437856283376035
2.5,0.10609075402081343,0.5957068333497368,0.07255258940062595,0.07255258940062595,0.07255258940062595,0.22338259384847128,0.0038327094530428117,0.17615614965425067,0.1769781120549926,0.06978440713982727,0.2195498863160687,0.0527677465327004,0.2842057430681074,0.12287841006386989,0.006315687590391092,0.6810982542057913,4.440892098500626e-16,45.51495917554019,48.33279089167917,31.792963508558618,28.77734539796681,4.328654843111006,24913.946283548084,275.1428437036148,90.54913421766298,2.7755575615628914e-17,0.7165476645868533,9.992007221626409e-16,0.9051482536448665,0.0,5972.19105787311,-1524.9507386164132,-5.540844692607311,-0.0,15.504758578669874,-3.141592653589793,5.540844692607311,-6.785577717374143e-16,-10.59512876939286,-0.0,12.603243425817631,-3.141592653589793,10.59512876939286,-1.2975290533991e-15,-0.33968278207048036,-0.0,1.413084611810186,-0.3517498139415984,-0.0,1.4101084749032677,0.33968278207048036,-4.159914317880817e-17,0.20950042168402508,0.0,-0.8715243682501856,0.20950042168402508,0.0,0.0,-0.9051482536448666,0.0,0.9997990946069477,0.0,0.02004421171130688,0.9997990946069477,0.33652119399937824,0.0,-0.9416758922204779,0.33652119399937824,0.33652119399937824,0.0,-0.9416758922204779,0.33652119399937824,0.6434913053618665,0.0,-0.765453421132652,0.6434913053618665,0.2169448542503846,0.0,-0.8696970558054459,0.2169448542503846,0.5592378268403125,0.0,-0.8290072695887079,0.5592378268403125,0.7413932584733399,0.0,-0.6710708131712207,0.7413932584733399,0.0,0.0,-1.0,0.0,0.22176226123636067,0.0,-0.8684913945031085,0.22176226123636067,0.12702077231535316,0.43399088367784144,0.007444432566359516,0.11957633974899365,0.42654645111148193,0.0,0.0,0.0,0.0,0.0,-0.07015152397029223,0.10607094711753362,0.0018273124447397704,-0.071978836415032,0.10424363467279385
2.6666666666666665,0.10647290631098252,0.5955954132039747,0.07227002039948702,0.07227002039948702,0.07227002039948702,0.22299933551435377,0.003693442265848866,0.1757753990010188,0.17697811205499264,0.06961199582915736,0.21930589858996424,0.052767746532700305,0.283825476406936,0.12324290508429464,0.005932435942532444,0.6812813814443082,4.440892098500626e-16,45.51495917554019,48.33279089167917,31.792963508558618,28.77734539796681,4.328654843111006,28346.534438170263,275.1428437036148,103.02479270987432,2.7755575615628914e-17,0.7165476645868533,9.43689570931383e-16,0.9051482536448664,0.0,6795.026270291183,-1735.0550626035636,-5.540844692607308,-0.0,15.504758578669874,-3.141592653589793,5.540844692607308,-6.78557771737414e-16,-10.59512876939286,-0.0,12.603243425817631,-3.141592653589793,10.59512876939286,-1.2975290533991e-15,-0.34089193651726973,-0.0,1.412797200761714,-0.3525184916007116,-0.0,1.4099210013883634,0.34089193651726973,-4.174722189110171e-17,0.2102458076366992,0.0,-0.8713455986541544,0.2102458076366992,0.0,0.0,-0.9051482536448666,0.0,0.9997878906495516,0.0,0.020595477914348126,0.9997878906495516,0.33652119399937813,0.0,-0.9416758922204779,0.33652119399937813,0.33652119399937813,0.0,-0.9416758922204779,0.33652119399937813,0.6434913053618665,0.0,-0.765453421132652,0.6434913053618665,0.21741849865546375,0.0,-0.8695796522693597,0.21741849865546375,0.5592378268403128,0.0,-0.8290072695887079,0.5592378268403128,0.7413932584733398,0.0,-0.6710708131712207,0.7413932584733398,0.0,0.0,-1.0,0.0,0.22176226123636067,0.0,-0.8684913945031085,0.22176226123636067,0.12627538636267893,0.4332454977251673,0.007172691018764554,0.11910269534391438,0.42607280670640274,0.0,0.0,0.0,0.0,0.0,-0.07033029356632348,0.10589217752150237,0.0017659463847946588,-0.07209623995111814,0.10412623113670771
2.833333333333333,0.10681174353826306,0.5954848531399194,0.07202044682476612,0.07202044682476612,0.07202044682476612,0.22265950060478673,0.0035668861410861966,0.17543783190536932,0.1769781120549926,0.06946172180733957,0.21909262403740878,0.052767746532700346,0.28348826530915694,0.12356628725139861,0.005592607050263691,0.681433110804239,4.440892098500626e-16,45.51495917554019,48.33279089167917,31.792963508558618,28.77734539796681,4.328654843111006,32000.57989309065,275.1428437036148,116.30533239513156,8.326672684688674e-17,0.7165476645868533,1.2212453270876722e-15,0.9051482536448664,0.0,7670.947625445906,-1958.7145042673042,-5.540844692607311,-0.0,15.504758578669874,-3.141592653589793,5.540844692607311,-6.785577717374143e-16,-10.59512876939286,-0.0,12.603243425817631,-3.141592653589793,10.59512876939286,-1.2975290533991e-15,-0.34196383472681235,-0.0,1.4125412804218598,-0.35319030719810846,-0.0,1.4097567042365182,0.34196383472681235,-4.1878491562234526e-17,0.21090660067495023,0.0,-0.8711865101314397,0.21090660067495023,0.0,0.0,-0.9051482536448666,0.0,0.9997783749389555,0.0,0.02105233964245684,0.9997783749389555,0.33652119399937824,0.0,-0.9416758922204779,0.33652119399937824,0.33652119399937824,0.0,-0.9416758922204779,0.33652119399937824,0.6434913053618665,0.0,-0.765453421132652,0.6434913053618665,0.2178324652315263,0.0,-0.869476800472505,0.2178324652315263,0.5592378268403126,0.0,-0.8290072695887079,0.5592378268403126,0.7413932584733398,0.0,-0.6710708131712207,0.7413932584733398,0.0,0.0,-1.0,0.0,0.22176226123636067,0.0,-0.8684913945031085,0.22176226123636067,0.125614593324428,0.43258470468691623,0.006925864556576067,0.11868872876785194,0.42565884013034017,0.0,0.0,0.0,0.0,0.0,-0.07048938208903821,0.10573308899878764,0.0017097096589346883,-0.0721990917479729,0.10402337933985295
3.0,0.10711424069632675,0.595376922523804,0.07179841649735014,0.07179841649735014,0.07179841649735014,0.22235609939529336,0.003451082473680536,0.17513649070277948,0.17697811205499264,0.0693298800796333,0.21890503106984371,0.052767746532700235,0.283187183602138,0.12385514505344847,0.005289211143316059,0.6815602321019306,4.440892098500626e-16,45.51495917554019,48.33279089167917,31.792963508558618,28.77734539796681,4.328654843111006,35876.082648309246,275.1428437036148,130.3907532734347,5.551115123125783e-17,0.7165476645868533,7.771561172376096e-16,0.9051482536448654,0.0,8599.95512333728,-2195.9290636076353,-5.540844692607308,-0.0,15.504758578669874,-3.141592653589793,5.540844692607308,-6.78557771737414e-16,-10.59512876939286,-0.0,12.603243425817631,-3.141592653589793,10.59512876939286,-1.2975290533991e-15,-0.3429206098783265,-0.0,1.4123119471484649,-0.35378114789759163,-0.0,1.4096118652750649,0.3429206098783265,-4.199566272491508e-17,0.21149643884845887,0.0,-0.8710440223205487,0.21149643884845887,0.0,0.0,-0.9051482536448666,0.0,0.9997702400471251,0.0,0.021435184069980295,0.9997702400471251,0.33652119399937813,0.0,-0.9416758922204779,0.33652119399937813,0.33652119399937813,0.0,-0.9416758922204779,0.33652119399937813,0.6434913053618665,0.0,-0.765453421132652,0.6434913053618665,0.21819654100861652,0.0,-0.8693861586337425,0.21819654100861652,0.5592378268403129,0.0,-0.8290072695887077,0.5592378268403129,0.7413932584733396,0.0,-0.6710708131712211,0.7413932584733396,0.0,0.0,-1.0,0.0,0.22176226123636067,0.0,-0.8684913945031085,0.22176226123636067,0.12502475515091926,0.4319948665134076,0.0067001021601576505,0.11832465299076161,0.42529476435325,0.0,0.0,0.0,0.0,0.0,-0.0706318698999292,0.10559060118789665,0.0016578636868062047,-0.0722897335867354,0.10393273750109044
3.1666666666666665,0.10738595020384739,0.5952726394458847,0.07159961458754738,0.07159961458754738,0.07159961458754738,0.2220835671926375,0.0033444654325880214,0.1748658374556979,0.17697811205499261,0.0692135412315276,0.21873912053967143,0.05276774653270029,0.28291671636094456,0.12411472963871353,0.0050166835468859,0.6816677938870526,4.440892098500626e-16,45.51495917554019,48.33279089167917,31.792963508558618,28.77734539796681,4.328654843111006,39973.04270382604,275.1428437036148,145.2810553447837,5.551115123125783e-17,0.7165476645868533,7.216449660063518e-16,0.905148253644866,0.0,9582.048763965302,-2446.6987406245566,-5.54084469260731,-0.0,15.504758578669874,-3.141592653589793,5.54084469260731,-6.785577717374142e-16,-10.59512876939286,-0.0,12.603243425817631,-3.141592653589793,10.59512876939286,-1.2975290533991e-15,-0.3437798750872807,-0.0,1.412105264745017,-0.354303637150136,-0.0,1.409483513256898,0.3437798750872807,-4.2100892363691524e-17,0.21202617560165687,0.0,-0.8709156658889268,0.21202617560165687,0.0,0.0,-0.9051482536448666,0.0,0.9997632410604254,0.0,0.021759177933777185,0.9997632410604254,0.3365211939993782,0.0,-0.9416758922204779,0.3365211939993782,0.3365211939993782,0.0,-0.9416758922204779,0.3365211939993782,0.6434913053618665,0.0,-0.765453421132652,0.6434913053618665,0.21851850270773227,0.0,-0.8693058569354097,0.21851850270773227,0.5592378268403128,0.0,-0.8290072695887077,0.5592378268403128,0.7413932584733397,0.0,-0.6710708131712209,0.7413932584733397,0.0,0.0,-1.0,0.0,0.22176226123636067,0.0,-0.8684913945031085,0.22176226123636067,0.12449501839772131,0.4314651297602096,0.006492327106075391,0.11800269129164592,0.42497280265413423,0.0,0.0,0.0,0.0,0.0,-0.0707602263315511,0.10546224475627475,0.0016098089535170335,-0.07237003528506813,0.10385243580275771
3.333333333333333,0.10763134728446254,0.5951725479584531,0.07142058195623009,0.07142058195623009,0.07142058195623009,0.22183741848965455,0.0032457682094589207,0.1746214091190481,0.1769781120549926,0.06911035856817299,0.21859167357693093,0.0527677465327003,0.2826724175964055,0.12434927797052155,0.004770538802792171,0.6817596131659999,4.440892098500626e-16,45.51495917554019,48.33279089167917,31.792963508558618,28.77734539796681,4.328654843111006,44291.46005964103,275.1428437036148,160.9762386091786,0.0,0.7165476645868533,8.881784197001252e-16,0.905148253644866,0.0,10617.228547329974,-2711.023535318068,-5.540844692607311,-0.0,15.504758578669874,-3.141592653589793,5.540844692607311,-6.785577717374143e-16,-10.59512876939286,-0.0,12.603243425817631,-3.141592653589793,10.59512876939286,-1.2975290533991e-15,-0.3445558221623291,-0.0,1.4119180371810185,-0.35476793270351153,-0.0,1.4093692451610833,0.3445558221623291,-4.21959184738681e-17,0.21250455653475292,0.0,-0.8707994381624904,0.21250455653475292,0.0,0.0,-0.9051482536448666,0.0,0.9997571824284067,0.0,0.022035793219524147,0.9997571824284067,0.33652119399937824,0.0,-0.9416758922204779,0.33652119399937824,0.33652119399937824,0.0,-0.9416758922204779,0.33652119399937824,0.6434913053618665,0.0,-0.765453421132652,0.6434913053618665,0.21880460822388367,0.0,-0.8692343842361295,0.21880460822388367,0.5592378268403128,0.0,-0.8290072695887079,0.5592378268403128,0.7413932584733397,0.0,-0.6710708131712209,0.7413932584733397,0.0,0.0,-1.0,0.0,0.22176226123636067,0.0,-0.8684913945031085,0.22176226123636067,0.12401663746462532,0.4309867488271136,0.006300051689130753,0.11771658577549457,0.4246866971379828,0.0,0.0,0.0,0.0,0.0,-0.07087645405798748,0.10534601702983837,0.0015650539263608598,-0.07244150798434834,0.10378096310347751
3.5,0.10785407929883303,0.595076891898072,0.07125851320716795,0.07125851320716795,0.07125851320716795,0.22161399726154637,0.0031539549287892517,0.1743995686375387,0.17697811205499261,0.06901843006015146,0.21846006993297776,0.05276774653270025,0.28245066305338096,0.1245622465338061,0.004547120947588815,0.6818386191421009,4.440892098500626e-16,45.51495917554019,48.33279089167917,31.792963508558618,28.77734539796681,4.328654843111006,48831.33471575425,275.1428437036148,177.47630306661947,8.326672684688674e-17,0.7165476645868533,8.881784197001252e-16,0.9051482536448666,0.0,11705.4944734313,-2988.9034476881707,-5.54084469260731,-0.0,15.504758578669874,-3.141592653589793,5.54084469260731,-6.785577717374142e-16,-10.59512876939286,-0.0,12.603243425817631,-3.141592653589793,10.59512876939286,-1.2975290533991e-15,-0.3452600144512072,-0.0,1.4117476424923592,-0.3551823012476998,-0.0,1.4092670964643177,0.3452600144512072,-4.228215715712398e-17,0.21293870777903615,0.0,-0.8706936978504566,0.21293870777903615,0.0,0.0,-0.9051482536448666,0.0,0.9997519073199602,0.0,0.022273836896721577,0.9997519073199602,0.3365211939993782,0.0,-0.9416758922204779,0.3365211939993782,0.3365211939993782,0.0,-0.9416758922204779,0.3365211939993782,0.6434913053618665,0.0,-0.765453421132652,0.6434913053618665,0.21905995055723798,0.0,-0.8691705059316073,0.21905995055723798,0.5592378268403129,0.0,-0.8290072695887077,0.5592378268403129,0.7413932584733399,0.0,-0.6710708131712205,0.7413932584733399,0.0,0.0,-1.0,0.0,0.22176226123636067,0.0,-0.8684913945031085,0.22176226123636067,0.12358248622034204,0.4305525975828304,0.006121242778201835,0.1174612434421402,0.4244313548046285,0.0,0.0,0.0,0.0,0.0,-0.07098219437002129,0.10524027671780456,0.0015231919188493093,-0.0725053862888706,0.10371708479895525
3.6666666666666665,0.10805714883719453,0.5949857255143771,0.07111110932522081,0.07111110932522081,0.07111110932522081,0.22141029357704634,0.003068170361400565,0.17419732219275463,0.17697811205499264,0.06893619775709034,0.21834215485175731,0.05276774653270025,0.28224846862680203,0.12475648322593008,0.004343420114044744,0.681907089997905,4.440892098500626e-16,45.51495917554019,48.33279089167917,31.792963508558618,28.77734539796681,4.328654843111006,53592.66667216566,275.1428437036148,194.78124871710614,1.6653345369377348e-16,0.7165476645868533,8.881784197001252e-16,0.9051482536448664,0.0,12846.84654226927,-3280.3384777348624,-5.540844692607308,-0.0,15.504758578669874,-3.141592653589793,5.540844692607308,-6.78557771737414e-16,-10.59512876939286,-0.0,12.603243425817631,-3.141592653589793,10.59512876939286,-1.2975290533991e-15,-0.3459019688169569,-0.0,1.4115919094707092,-0.3555535393958344,-0.0,1.40917544541452,0.3459019688169569,-4.236077389304538e-17,0.21333449450500502,0.0,-0.870597087042443,0.21333449450500502,0.0,0.0,-0.9051482536448666,0.0,0.999747289255063,0.0,0.022480160745721456,0.999747289255063,0.33652119399937813,0.0,-0.9416758922204779,0.33652119399937813,0.33652119399937813,0.0,-0.9416758922204779,0.33652119399937813,0.6434913053618665,0.0,-0.765453421132652,0.6434913053618665,0.21928871711036269,0.0,-0.8691132034108346,0.21928871711036269,0.5592378268403129,0.0,-0.8290072695887077,0.5592378268403129,0.7413932584733398,0.0,-0.6710708131712207,0.7413932584733398,0.0,0.0,-1.0,0.0,0.22176226123636067,0.0,-0.8684913945031085,0.22176226123636067,0.12318669949437311,0.43015681085686147,0.005954222605357662,0.11723247688901545,0.4242025882515038,0.0,0.0,0.0,0.0,0.0,-0.07107880517803489,0.10514366590979096,0.0014838836316083404,-0.07256268880964323,0.10365978227818262
3.833333333333333,0.10824305024729694,0.5948989847141939,0.07097646843438976,0.07097646843438976,0.07097646843438976,0.2212238068340699,0.002987702226398143,0.1740121829453521,0.17697811205499264,0.06886237332520279,0.2182361399868301,0.052767746532700346,0.28206335492134404,0.12493435571263276,0.004156935761819424,0.6819668191361964,4.440892098500626e-16,45.51495917554019,48.33279089167917,31.792963508558618,28.77734539796681,4.328654843111006,58575.45592887527,275.1428437036148,212.89107556063874,5.551115123125783e-17,0.7165476645868533,1.27675647831893e-15,0.9051482536448666,0.0,14041.284753843891,-3585.328625458145,-5.540844692607308,-0.0,15.504758578669874,-3.141592653589793,5.540844692607308,-6.78557771737414e-16,-10.59512876939286,-0.0,12.603243425817631,-3.141592653589793,10.59512876939286,-1.2975290533991e-15,-0.3464895894468078,-0.0,1.411449024824411,-0.3558872869018878,-0.0,1.4090929413466313,0.3464895894468078,-4.243273666539137e-17,0.21369678817171178,0.0,-0.8705084725767082,0.21369678817171178,0.0,0.0,-0.9051482536448666,0.0,0.9997432256074426,0.0,0.02266016001766985,0.9997432256074426,0.33652119399937813,0.0,-0.9416758922204779,0.33652119399937813,0.33652119399937813,0.0,-0.9416758922204779,0.33652119399937813,0.6434913053618665,0.0,-0.765453421132652,0.6434913053618665,0.21949438261692686,0.0,-0.8690616287622938,0.21949438261692686,0.5592378268403126,0.0,-0.8290072695887079,0.5592378268403126,0.74139325847334,0.0,-0.6710708131712207,0.74139325847334,0.0,0.0,-1.0,0.0,0.22176226123636067,0.0,-0.8684913945031085,0.22176226123636067,0.12282440582766635,0.4297945171901547,0.005797594445215076,0.11702681138245127,0.4239969227449396,0.0,0.0,0.0,0.0,0.0,-0.07116741964376971,0.10505505144405614,0.0014468438144144002,-0.07261426345818411,0.10360820762964174
4.0,0.10841387286056264,0.5948165333364374,0.07085300365203588,0.07085300365203588,0.07085300365203588,0.22105244234422078,0.002911952546471582,0.1738420680250877,0.17697811205499261,0.0687958821253542,0.2181405286199306,0.05276774653270029,0.28189324482180733,0.12509784859859996,0.003985573259602543,0.6820192339169434,4.440892098500626e-16,45.51495917554019,48.33279089167917,31.792963508558618,28.77734539796681,4.328654843111006,63779.7024858831,275.1428437036148,231.80578359721724,5.551115123125783e-17,0.7165476645868533,9.43689570931383e-16,0.9051482536448673,0.0,15288.809108155165,-3903.873890858018,-5.54084469260731,-0.0,15.504758578669874,-3.141592653589793,5.54084469260731,-6.785577717374142e-16,-10.59512876939286,-0.0,12.603243425817631,-3.141592653589793,10.59512876939286,-1.2975290533991e-15,-0.34702949573590214,-0.0,1.4113174623651201,-0.35618826298633527,-0.0,1.409018450280161,0.34702949573590214,-4.2498856116269264e-17,0.2140296685319964,0.0,-0.8704269013873762,0.2140296685319964,0.0,0.0,-0.9051482536448666,0.0,0.9997396325809409,0.0,0.02281812978588188,0.9997396325809409,0.3365211939993782,0.0,-0.9416758922204779,0.3365211939993782,0.3365211939993782,0.0,-0.9416758922204779,0.3365211939993782,0.6434913053618665,0.0,-0.765453421132652,0.6434913053618665,0.2196798547128144,0.0,-0.8690150704294699,0.2196798547128144,0.5592378268403128,0.0,-0.8290072695887077,0.5592378268403128,0.7413932584733403,0.0,-0.6710708131712203,0.7413932584733403,0.0,0.0,-1.0,0.0,0.22176226123636067,0.0,-0.8684913945031085,0.22176226123636067,0.12249152546738179,0.4294616368298701,0.005650186180818001,0.11684133928656379,0.4238114506490521,0.0,0.0,0.0,0.0,0.0,-0.07124899083310166,0.1049734802547242,0.0014118309579063126,-0.07266082179100797,0.10356164929681788
4.166666666666666,0.10857138002835125,0.5947381933654499,0.07073938051187662,0.07073938051187662,0.07073938051187662,0.22089443214433427,0.002840415614380645,0.17368521966857867,0.17697811205499261,0.06873582066270205,0.21805405849916581,0.05276774653270025,0.2817363850489922,0.12524863791179874,0.0038275646957332144,0.6820654817954832,4.440892098500626e-16,45.51495917554019,48.33279089167917,31.792963508558618,28.77734539796681,4.328654843111006,69205.40634318911,275.1428437036148,251.52537282684156,0.0,0.7165476645868533,8.881784197001252e-16,0.9051482536448667,0.0,16589.419605203086,-4235.974273934481,-5.54084469260731,-0.0,15.504758578669874,-3.141592653589793,5.54084469260731,-6.785577717374142e-16,-10.59512876939286,-0.0,12.603243425817631,-3.141592653589793,10.59512876939286,-1.2975290533991e-15,-0.3475272732600137,-0.0,1.4111959283688063,-0.35646044693053786,-0.0,1.4089510131260923,0.3475272732600137,-4.2559816281428333e-17,0.2143365782605569,0.0,-0.8703515660927613,0.2143365782605569,0.0,0.0,-0.9051482536448666,0.0,0.9997364413239699,0.0,0.02295752357909986,0.9997364413239699,0.3365211939993782,0.0,-0.9416758922204779,0.3365211939993782,0.3365211939993782,0.0,-0.9416758922204779,0.3365211939993782,0.6434913053618665,0.0,-0.765453421132652,0.6434913053618665,0.2198475851812881,0.0,-0.8689729268472288,0.2198475851812881,0.5592378268403129,0.0,-0.8290072695887077,0.5592378268403129,0.7413932584733399,0.0,-0.6710708131712205,0.7413932584733399,0.0,0.0,-1.0,0.0,0.22176226123636067,0.0,-0.8684913945031085,0.22176226123636067,0.12218461573882128,0.4291547271013096,0.0055110069207311985,0.11667360881809008,0.4236437201805784,0.0,0.0,0.0,0.0,0.0,-0.07132432612771655,0.1048981449601093,0.001378639245532498,-0.07270296537324905,0.1035195057145768
4.333333333333333,0.10871707033634087,0.5946637646835942,0.07063446872785772,0.07063446872785772,0.07063446872785772,0.22074827365905414,0.002772660854696482,0.17354014414591754,0.17697811205499264,0.06868142382202644,0.217975657635402,0.05276774653270021,0.2815912853911382,0.1253881488521919,0.0036814075406262133,0.682106493704379,4.440892098500626e-16,45.51495917554019,48.33279089167917,31.792963508558618,28.77734539796681,4.328654843111006,74852.56750079335,275.1428437036148,272.04984324951187,2.7755575615628914e-17,0.7165476645868533,7.216449660063518e-16,0.9051482536448664,0.0,17943.116244987654,-4581.629774687534,-5.540844692607307,-0.0,15.504758578669874,-3.141592653589793,5.540844692607307,-6.785577717374139e-16,-10.59512876939286,-0.0,12.603243425817631,-3.141592653589793,10.59512876939286,-1.2975290533991e-15,-0.3479876681004538,-0.0,1.4110833189484635,-0.35670721769665453,-0.0,1.4088898132203898,0.3479876681004538,-4.2616198388197226e-17,0.2146204426864499,0.0,-0.8702817781829013,0.2146204426864499,0.0,0.0,-0.9051482536448666,0.0,0.9997335949154617,0.0,0.023081143762981038,0.9997335949154617,0.3365211939993781,0.0,-0.9416758922204779,0.3365211939993781,0.3365211939993781,0.0,-0.9416758922204779,0.3365211939993781,0.6434913053618665,0.0,-0.765453421132652,0.6434913053618665,0.21999965596039311,0.0,-0.8689346859759244,0.21999965596039311,0.5592378268403129,0.0,-0.8290072695887076,0.5592378268403129,0.7413932584733398,0.0,-0.6710708131712207,0.7413932584733398,0.0,0.0,-1.0,0.0,0.22176226123636067,0.0,-0.8684913945031085,0.22176226123636067,0.12190075131292818,0.42887086267541663,0.005379213273943223,0.11652153803898496,0.4234916494014734,0.0,0.0,0.0,0.0,0.0,-0.07139411403757656,0.10482835705024929,0.0013470922069769298,-0.07274120624455349,0.10348126484327236
4.5,0.1088522255178607,0.5945930379427418,0.0705373046065893,0.0705373046065893,0.0705373046065893,0.22061268168758483,0.0027083193564129875,0.1734055639622188,0.17697811205499261,0.06863203936082024,0.21790440975351438,0.052767746532700194,0.2814566711305326,0.1255176010347641,0.0035458166337777337,0.6821430312998125,4.440892098500626e-16,45.51495917554019,48.33279089167917,31.792963508558618,28.77734539796681,4.328654843111006,80721.1859586958,275.1428437036148,293.3791948652281,0.0,0.7165476645868533,8.881784197001252e-16,0.9051482536448666,0.0,19349.89902750888,-4940.84039311718,-5.54084469260731,-0.0,15.504758578669874,-3.141592653589793,5.54084469260731,-6.785577717374142e-16,-10.59512876939286,-0.0,12.603243425817631,-3.141592653589793,10.59512876939286,-1.2975290533991e-15,-0.34841473890648167,-0.0,1.4109786864767253,-0.3569314630269499,-0.0,1.4088341508428974,0.34841473890648167,-4.2668499477758357e-17,0.214883763489088,0.0,-0.8702169469196593,0.214883763489088,0.0,0.0,-0.9051482536448666,0.0,0.9997310460165911,0.0,0.023191283504209403,0.9997310460165911,0.3365211939993782,0.0,-0.9416758922204779,0.3365211939993782,0.3365211939993782,0.0,-0.9416758922204779,0.3365211939993782,0.6434913053618665,0.0,-0.765453421132652,0.6434913053618665,0.2201378463509759,0.0,-0.8688999092490892,0.2201378463509759,0.559237826840313,0.0,-0.8290072695887077,0.559237826840313,0.7413932584733399,0.0,-0.6710708131712205,0.7413932584733399,0.0,0.0,-1.0,0.0,0.22176226123636067,0.0,-0.8684913945031085,0.22176226123636067,0.12163743051029019,0.4286075418727785,0.005254082861887915,0.11638334764840227,0.4233534590108906,0.0,0.0,0.0,0.0,0.0,-0.07145894530081853,0.10476352578700732,0.0013170376705701203,-0.07277598297138865,0.1034464881164372
4.666666666666666,0.10897794832152673,0.5945258028727134,0.07044706146450805,0.07044706146450805,0.07044706146450805,0.2204865504544479,0.0026470731904642292,0.1732803800841488,0.17697811205499264,0.06858710785162703,0.21783952702374842,0.0527677465327004,0.2813314454379026,0.12563804427746697,0.0034196862349641192,0.6821757226023017,4.440892098500626e-16,45.51495917554019,48.33279089167917,31.792963508558618,28.77734539796681,4.328654843111006,86811.26171689642,275.1428437036148,315.51342767399007,0.0,0.7165476645868533,9.992007221626409e-16,0.9051482536448661,0.0,20809.76795276675,-5313.606129223413,-5.540844692607308,-0.0,15.504758578669874,-3.141592653589793,5.540844692607308,-6.78557771737414e-16,-10.59512876939286,-0.0,12.603243425817631,-3.141592653589793,10.59512876939286,-1.2975290533991e-15,-0.3488119770467913,-0.0,1.4108812128897605,-0.3571356655354076,-0.0,1.4087834230285512,0.3488119770467913,-4.27171471194613e-17,0.2151286927346137,0.0,-0.8701565625772208,0.2151286927346137,0.0,0.0,-0.9051482536448666,0.0,0.9997287550316545,0.0,0.02328983389503403,0.9997287550316545,0.33652119399937813,0.0,-0.9416758922204779,0.33652119399937813,0.33652119399937813,0.0,-0.9416758922204779,0.33652119399937813,0.6434913053618665,0.0,-0.765453421132652,0.6434913053618665,0.2202636860525703,0.0,-0.8688682188625083,0.2202636860525703,0.5592378268403125,0.0,-0.8290072695887079,0.5592378268403125,0.7413932584733397,0.0,-0.6710708131712211,0.7413932584733397,0.0,0.0,-1.0,0.0,0.22176226123636067,0.0,-0.8684913945031085,0.22176226123636067,0.12139250126476442,0.4283626126272528,0.005134993317956582,0.11625750794680784,0.4232276193092962,0.0,0.0,0.0,0.0,0.0,-0.07151932964325702,0.10470314144456883,0.0012883437147125365,-0.07280767335796956,0.10341479772985629
4.833333333333333,0.10909519270842938,0.5944618535468433,0.07036302612993134,0.07036302612993134,0.07036302612993134,0.22036892334527908,0.0025886468626981725,0.17316364182036437,0.1769781120549926,0.06854614676221385,0.21778032834333028,0.0527677465327004,0.2812146593792758,0.12575038716251247,0.0033020597605518,0.6822050891794111,4.440892098500626e-16,45.51495917554019,48.33279089167917,31.792963508558618,28.77734539796681,4.328654843111006,93122.79477539528,275.1428437036148,338.45254167579805,5.551115123125783e-17,0.7165476645868533,1.1657341758564144e-15,0.905148253644866,0.0,22322.72302076127,-5699.926983006238,-5.540844692607311,-0.0,15.504758578669874,-3.141592653589793,5.540844692607311,-6.785577717374143e-16,-10.59512876939286,-0.0,12.603243425817631,-3.141592653589793,10.59512876939286,-1.2975290533991e-15,-0.34918240240165,-0.0,1.4107901882812128,-0.3573219712628119,-0.0,1.4087371074310882,0.34918240240165,-4.276251114197637e-17,0.21535709190442168,0.0,-0.8701001830156887,0.21535709190442168,0.0,0.0,-0.9051482536448666,0.0,0.9997266886595713,0.0,0.0233783656778761,0.9997266886595713,0.33652119399937824,0.0,-0.9416758922204779,0.33652119399937824,0.33652119399937824,0.0,-0.9416758922204779,0.33652119399937824,0.6434913053618665,0.0,-0.765453421132652,0.6434913053618665,0.2203784973969607,0.0,-0.8688392876201354,0.2203784973969607,0.5592378268403125,0.0,-0.8290072695887079,0.5592378268403125,0.7413932584733397,0.0,-0.6710708131712209,0.7413932584733397,0.0,0.0,-1.0,0.0,0.22176226123636067,0.0,-0.8684913945031085,0.22176226123636067,0.12116410209495657,0.42813421345744485,0.005021405492539016,0.11614269660241755,0.4231128079649058,0.0,0.0,0.0,0.0,0.0,-0.07157570920478917,0.10464676188303668,0.0012608953955532964,-0.07283660460034247,0.10338586648748338
5.0,0.10920478813300771,0.5944009916121117,0.07028458011861424,0.07028458011861424,0.07028458011861424,0.2202589685706517,0.0025328004206107814,0.17305452260496348,0.1769781120549926,0.06850873771069749,0.21772622189278446,0.0527677465327004,0.28110548779556205,0.12585542001847205,0.0031921054478411884,0.6822315670891842,4.440892098500626e-16,45.51495917554019,48.33279089167917,31.792963508558618,28.77734539796681,4.328654843111006,99655.78513419234,275.1428437036148,362.1965368706519,5.551115123125783e-17,0.7165476645868533,9.43689570931383e-16,0.9051482536448665,0.0,23888.76423149244,-6099.802954465653,-5.540844692607311,-0.0,15.504758578669874,-3.141592653589793,5.540844692607311,-6.785577717374143e-16,-10.59512876939286,-0.0,12.603243425817631,-3.141592653589793,10.59512876939286,-1.2975290533991e-15,-0.3495286403715862,-0.0,1.4107049936047955,-0.3574922447284675,-0.0,1.4086947493204816,0.3495286403715862,-4.280491306413894e-17,0.21557057935043622,0.0,-0.8700474228396322,0.21557057935043622,0.0,0.0,-0.9051482536448666,0.0,0.999724818746364,0.0,0.02345819222679857,0.999724818746364,0.33652119399937824,0.0,-0.9416758922204779,0.33652119399937824,0.33652119399937824,0.0,-0.9416758922204779,0.33652119399937824,0.6434913053618665,0.0,-0.765453421132652,0.6434913053618665,0.2204834292636244,0.0,-0.8688128307559578,0.2204834292636244,0.5592378268403125,0.0,-0.8290072695887079,0.5592378268403125,0.7413932584733399,0.0,-0.6710708131712207,0.7413932584733399,0.0,0.0,-1.0,0.0,0.22176226123636067,0.0,-0.8684913945031085,0.22176226123636067,0.12095061464894202,0.4279207260114303,0.004912849913188189,0.11603776473575383,0.4230078760982421,0.0,0.0,0.0,0.0,0.0,-0.07162846938084566,0.10459400170698019,0.0012345920836743796,-0.07286306146452004,0.10335940962330581
5.166666666666666,0.10930745921763965,0.5943430281571132,0.07021118443363702,0.07021118443363702,0.07021118443363702,0.2201559594456073,0.002479323852550062,0.17295230037648435,0.1769781120549926,0.06847451618047164,0.21767669101577913,0.052767746532700194,0.2810032097552431,0.12595383355495982,0.0030890966350904806,0.6822555231690421,4.440892098500626e-16,45.51495917554019,48.33279089167917,31.792963508558618,28.77734539796681,4.328654843111006,106410.23279328758,275.1428437036148,386.7454132585516,8.326672684688674e-17,0.7165476645868533,9.992007221626409e-16,0.9051482536448666,0.0,25507.89158496026,-6513.2340436016575,-5.540844692607311,-0.0,15.504758578669874,-3.141592653589793,5.540844692607311,-6.785577717374143e-16,-10.59512876939286,-0.0,12.603243425817631,-3.141592653589793,10.59512876939286,-1.2975290533991e-15,-0.3498529842649002,-0.0,1.4106250865932022,-0.3576481134853893,-0.0,1.4086559510258887,0.3498529842649002,-4.2844633735215934e-17,0.2157705687414835,0.0,-0.8699979445787921,0.2157705687414835,0.0,0.0,-0.9051482536448666,0.0,0.999723121370723,0.0,0.023530418542361098,0.999723121370723,0.33652119399937824,0.0,-0.9416758922204779,0.33652119399937824,0.33652119399937824,0.0,-0.9416758922204779,0.33652119399937824,0.6434913053618665,0.0,-0.765453421132652,0.6434913053618665,0.22057948452912904,0.0,-0.8687885992969853,0.22057948452912904,0.559237826840313,0.0,-0.8290072695887077,0.559237826840313,0.7413932584733399,0.0,-0.6710708131712205,0.7413932584733399,0.0,0.0,-1.0,0.0,0.22176226123636067,0.0,-0.8684913945031085,0.22176226123636067,0.12075062525789473,0.427720736620383,0.004808915787645529,0.1159417094702492,0.4229118208327375,0.0,0.0,0.0,0.0,0.0,-0.07167794764168578,0.10454452344614007,0.0012093452818068284,-0.07288729292349261,0.10333517816433324
5.333333333333333,0.10940384180949062,0.5942877846712709,0.07014236720122691,0.07014236720122691,0.07014236720122691,0.22005925829454515,0.0024280325057043136,0.17285634156592525,0.17697811205499264,0.06844316315805607,0.21763128270574011,0.052767746532700305,0.2809071925992891,0.12604623408028082,0.0029923956668559404,0.6822772678159905,4.440892098500626e-16,45.51495917554019,48.33279089167917,31.792963508558618,28.77734539796681,4.328654843111006,113386.13775268105,275.1428437036148,412.0991708394973,5.551115123125783e-17,0.7165476645868533,9.992007221626409e-16,0.9051482536448665,0.0,27180.105081164733,-6940.220250414254,-5.540844692607308,-0.0,15.504758578669874,-3.141592653589793,5.540844692607308,-6.78557771737414e-16,-10.59512876939286,-0.0,12.603243425817631,-3.141592653589793,10.59512876939286,-1.2975290533991e-15,-0.3501574462039751,-0.0,1.4105499902153098,-0.35779100444424905,-0.0,1.408620363303368,0.3501574462039751,-4.2881919569130964e-17,0.21595830043538114,0.0,-0.8699514514639035,0.21595830043538114,0.0,0.0,-0.9051482536448666,0.0,0.9997215761110614,0.0,0.02359597970025984,0.9997215761110614,0.33652119399937813,0.0,-0.9416758922204779,0.33652119399937813,0.33652119399937813,0.0,-0.9416758922204779,0.33652119399937813,0.6434913053618665,0.0,-0.765453421132652,0.6434913053618665,0.2206675424458337,0.0,-0.8687663746385391,0.2206675424458337,0.5592378268403128,0.0,-0.8290072695887079,0.5592378268403128,0.7413932584733399,0.0,-0.6710708131712207,0.7413932584733399,0.0,0.0,-1.0,0.0,0.22176226123636067,0.0,-0.8684913945031085,0.22176226123636067,0.12056289356399699,0.4275330049264854,0.004709242010452558,0.11585365155354443,0.4228237629160328,0.0,0.0,0.0,0.0,0.0,-0.07172444075657436,0.10449803033125149,0.001185076825364395,-0.07290951758193875,0.1033129535058871
5.5,0.10949449617292799,0.5942350934026748,0.07007771354373803,0.07007771354373803,0.07007771354373803,0.21996830322678096,0.0023787633135036743,0.17276608794206194,0.17697811205499256,0.06841439828681062,0.21758959815385037,0.052767746532700305,0.2808168788308213,0.12613315601144354,0.0029014406699553836,0.6822970650961102,4.440892098500626e-16,45.51495917554019,48.33279089167917,31.792963508558618,28.77734539796681,4.328654843111006,120583.50001237274,275.1428437036148,438.25780961348886,0.0,0.7165476645868533,8.326672684688674e-16,0.9051482536448666,0.0,28905.404720105857,-7380.761574903441,-5.540844692607312,-0.0,15.504758578669874,-3.141592653589793,5.540844692607312,-6.785577717374145e-16,-10.59512876939286,-0.0,12.603243425817631,-3.141592653589793,10.59512876939286,-1.2975290533991e-15,-0.3504437989439394,-0.0,1.4104792831578539,-0.357922173689348,-0.0,1.4085876782304954,0.3504437989439394,-4.2916987665773397e-17,0.21613486725089423,0.0,-0.8699076814717066,0.21613486725089423,0.0,0.0,-0.9051482536448666,0.0,0.999720165454683,0.0,0.023655671270571887,0.999720165454683,0.3365211939993783,0.0,-0.9416758922204779,0.3365211939993783,0.3365211939993783,0.0,-0.9416758922204779,0.3365211939993783,0.6434913053618665,0.0,-0.765453421132652,0.6434913053618665,0.22074837701141145,0.0,-0.8687459640808166,0.22074837701141145,0.5592378268403128,0.0,-0.8290072695887079,0.5592378268403128,0.74139325847334,0.0,-0.6710708131712207,0.74139325847334,0.0,0.0,-1.0,0.0,0.22176226123636067,0.0,-0.8684913945031085,0.22176226123636067,0.12038632674848407,0.42735643811097224,0.00461350976051722,0.11577281698796685,0.422742928350455,0.0,0.0,0.0,0.0,0.0,-0.07176821074877127,0.10445426033905458,0.0011617173908899936,-0.07292992813966126,0.10329254294816459
5.666666666666666,0.10957991789653845,0.5941847973228916,0.07001685723206455,0.07001685723206455,0.07001685723206455,0.21988259720253672,0.0023313716709128787,0.17268104573633264,0.1769781120549926,0.0683879742250012,0.21755128493967035,0.0527677465327004,0.2807317752746142,0.12621507222273665,0.0028157346198109615,0.6823151408026824,4.440892098500626e-16,45.51495917554019,48.33279089167917,31.792963508558618,28.77734539796681,4.328654843111006,128002.3195723626,275.1428437036148,465.22132958052623,5.551115123125783e-17,0.7165476645868533,1.2212453270876722e-15,0.9051482536448665,0.0,30683.790501783624,-7834.858017069217,-5.540844692607311,-0.0,15.504758578669874,-3.141592653589793,5.540844692607311,-6.785577717374143e-16,-10.59512876939286,-0.0,12.603243425817631,-3.141592653589793,10.59512876939286,-1.2975290533991e-15,-0.3507136104402474,-0.0,1.4104125919214665,-0.358042731109575,-0.0,1.4085576233213986,0.3507136104402474,-4.295003004430607e-17,0.21630123577205845,0.0,-0.8698664023849225,0.21630123577205845,0.0,0.0,-0.9051482536448666,0.0,0.9997188743188554,0.0,0.023710173568332493,0.9997188743188554,0.33652119399937824,0.0,-0.9416758922204779,0.33652119399937824,0.33652119399937824,0.0,-0.9416758922204779,0.33652119399937824,0.6434913053618665,0.0,-0.765453421132652,0.6434913053618665,0.22082267214412513,0.0,-0.8687271971334015,0.22082267214412513,0.5592378268403125,0.0,-0.8290072695887079,0.5592378268403125,0.7413932584733399,0.0,-0.6710708131712207,0.7413932584733399,0.0,0.0,-1.0,0.0,0.22176226123636067,0.0,-0.8684913945031085,0.22176226123636067,0.12021995822731979,0.42719006958980804,0.004521436372066673,0.11569852185525312,0.4226686332177414,0.0,0.0,0.0,0.0,0.0,-0.07180948983555535,0.1044129812522705,0.0011392052515210027,-0.07294869508707635,0.1032737760007495
5.833333333333333,0.10966054696389582,0.594136749841642,0.06995947376259948,0.06995947376259948,0.06995947376259948,0.21980169893939067,0.0022857288319062547,0.17260077659912837,0.1769781120549925,0.06836367196775825,0.21751603054009483,0.052767746532700055,0.28065144406077497,0.12629240265622102,0.0027348362472111895,0.6823316889252669,4.440892098500626e-16,45.51495917554019,48.33279089167917,31.792963508558618,28.77734539796681,4.328654843111006,135642.59643265067,275.1428437036148,492.9897307406095,1.3877787807814457e-16,0.7165476645868533,8.326672684688674e-16,0.9051482536448673,0.0,32515.262426198045,-8302.509576911583,-5.540844692607314,-0.0,15.504758578669874,-3.141592653589793,5.540844692607314,-6.785577717374147e-16,-10.59512876939286,-0.0,12.603243425817631,-3.141592653589793,10.59512876939286,-1.2975290533991e-15,-0.3509682725933885,-0.0,1.4103495842290608,-0.35815366086860817,-0.0,1.408529956623973,0.3509682725933885,-4.298121716337689e-17,0.21645826406373544,0.0,-0.8698274076725887,0.21645826406373544,0.0,0.0,-0.9051482536448666,0.0,0.9997176896605097,0.0,0.023760071124742654,0.9997176896605097,0.3365211939993784,0.0,-0.9416758922204779,0.3365211939993784,0.3365211939993784,0.0,-0.9416758922204779,0.3365211939993784,0.6434913053618665,0.0,-0.765453421132652,0.6434913053618665,0.22089103429481755,0.0,-0.8687099224375799,0.22089103429481755,0.5592378268403131,0.0,-0.8290072695887074,0.5592378268403131,0.7413932584733403,0.0,-0.6710708131712203,0.7413932584733403,0.0,0.0,-1.0,0.0,0.22176226123636067,0.0,-0.8684913945031085,0.22176226123636067,0.12006292993564296,0.427033041298131,0.0044327702310821004,0.11563015970456086,0.42260027106704895,0.0,0.0,0.0,0.0,0.0,-0.07184848454788917,0.10437398653993668,0.0011174852350087638,-0.07296596978289793,0.10325650130492792
6.0,0.10973677533896689,0.5940908143679695,0.06990527458332127,0.06990527458332127,0.06990527458332127,0.21972521530752925,0.0022417197305586787,0.17252489003744428,0.17697811205499264,0.06834129694579791,0.21748355690352994,0.05276774653270029,0.28057549508409907,0.12636552152562702,0.002658352433832522,0.6823468768780454,4.440892098500626e-16,45.51495917554019,48.33279089167917,31.792963508558618,28.77734539796681,4.328654843111006,143504.33059323698,275.1428437036148,521.5630130937388,8.326672684688674e-17,0.7165476645868533,8.326672684688674e-16,0.9051482536448655,0.0,34399.82049334912,-8783.716254430541,-5.540844692607308,-0.0,15.504758578669874,-3.141592653589793,5.540844692607308,-6.78557771737414e-16,-10.59512876939286,-0.0,12.603243425817631,-3.141592653589793,10.59512876939286,-1.2975290533991e-15,-0.35120902528311576,-0.0,1.410289963495146,-0.35825583851371534,-0.0,1.4085044626128085,0.35120902528311576,-4.3010700864462954e-17,0.21660671648443133,0.0,-0.8697905130353092,0.21660671648443133,0.0,0.0,-0.9051482536448666,0.0,0.999716600156507,0.0,0.023805868425972987,0.999716600156507,0.33652119399937813,0.0,-0.9416758922204779,0.33652119399937813,0.33652119399937813,0.0,-0.9416758922204779,0.33652119399937813,0.6434913053618665,0.0,-0.765453421132652,0.6434913053618665,0.220954002988032,0.0,-0.8686940051889551,0.220954002988032,0.5592378268403128,0.0,-0.8290072695887077,0.5592378268403128,0.7413932584733394,0.0,-0.6710708131712211,0.7413932584733394,0.0,0.0,-1.0,0.0,0.22176226123636067,0.0,-0.8684913945031085,0.22176226123636067,0.1199144775149468,0.4268845888774352,0.004347286503600667,0.11556719101134613,0.42253730237383447,0.0,0.0,0.0,0.0,0.0,-0.07188537918516869,0.10433709190265716,0.0010965078463540667,-0.07298188703152275,0.1032405840563031
6.166666666666666,0.10980895334241284,0.594046863783522,0.0698540022528891,0.0698540022528891,0.0698540022528891,0.2196527949369178,0.0021992411479088043,0.17245303705833312,0.1769781120549926,0.06832067575416735,0.21745361589023535,0.052767746532700235,0.2805035796646964,0.12643476337481968,0.002585931819640127,0.6823608497521398,4.440892098500626e-16,45.51495917554019,48.33279089167917,31.792963508558618,28.77734539796681,4.328654843111006,151587.52205412145,275.1428437036148,550.9411766399138,8.326672684688674e-17,0.7165476645868533,8.326672684688674e-16,0.9051482536448665,0.0,36337.46470323684,-9278.478049626088,-5.540844692607311,-0.0,15.504758578669874,-3.141592653589793,5.540844692607311,-6.785577717374143e-16,-10.59512876939286,-0.0,12.603243425817631,-3.141592653589793,10.59512876939286,-1.2975290533991e-15,-0.3514369765678317,-0.0,1.4102334641572718,-0.35835004535166787,-0.0,1.408480948730718,0.3514369765678317,-4.3038616845581844e-17,0.2167472761364083,0.0,-0.8697555534925417,0.2167472761364083,0.0,0.0,-0.9051482536448666,0.0,0.9997155959404088,0.0,0.02384800271538534,0.9997155959404088,0.33652119399937824,0.0,-0.9416758922204779,0.33652119399937824,0.33652119399937824,0.0,-0.9416758922204779,0.33652119399937824,0.6434913053618665,0.0,-0.765453421132652,0.6434913053618665,0.22101205967945012,0.0,-0.868679324967729,0.22101205967945012,0.5592378268403129,0.0,-0.8290072695887077,0.5592378268403129,0.7413932584733399,0.0,-0.6710708131712207,0.7413932584733399,0.0,0.0,-1.0,0.0,0.22176226123636067,0.0,-0.8684913945031085,0.22176226123636067,0.11977391786296995,0.4267440292254582,0.004264783543041828,0.11550913431992813,0.42247924568241635,0.0,0.0,0.0,0.0,0.0,-0.07192033872793613,0.10430213235988972,0.0010762285248127057,-0.07299656725274883,0.10322590383507702
6.333333333333333,0.10987739503799057,0.5940047798732127,0.0698054263606514,0.0698054263606514,0.0698054263606514,0.2195841228168191,0.002158200162661452,0.1723849047994303,0.1769781120549926,0.06830165339511665,0.21742598542119262,0.05276774653270029,0.28043538519245403,0.12650042819753224,0.002517259402609813,0.6823737337947324,4.440892098500626e-16,45.51495917554019,48.33279089167917,31.792963508558618,28.77734539796681,4.328654843111006,159892.17081530415,275.1428437036148,581.1242213791348,5.551115123125783e-17,0.7165476645868533,7.216449660063518e-16,0.9051482536448662,0.0,38328.19505586121,-9786.794962498227,-5.540844692607311,-0.0,15.504758578669874,-3.141592653589793,5.540844692607311,-6.785577717374143e-16,-10.59512876939286,-0.0,12.603243425817631,-3.141592653589793,10.59512876939286,-1.2975290533991e-15,-0.35165311974769825,-0.0,1.4101798477287626,-0.3584369805894284,-0.0,1.4084592424620401,0.35165311974769825,-4.306508675091996e-17,0.21688055538209833,0.0,-0.8697223809175627,0.21688055538209833,0.0,0.0,-0.9051482536448666,0.0,0.9997146683847212,0.0,0.023886854469075625,0.9997146683847212,0.33652119399937824,0.0,-0.9416758922204779,0.33652119399937824,0.33652119399937824,0.0,-0.9416758922204779,0.33652119399937824,0.6434913053618665,0.0,-0.765453421132652,0.6434913053618665,0.22106563523623013,0.0,-0.8686657739031114,0.22106563523623013,0.5592378268403128,0.0,-0.8290072695887077,0.5592378268403128,0.7413932584733398,0.0,-0.671070813171221,0.7413932584733398,0.0,0.0,-1.0,0.0,0.22176226123636067,0.0,-0.8684913945031085,0.22176226123636067,0.11964063861727992,0.42661074997976817,0.004185079854131801,0.11545555876314811,0.42242567012563637,0.0,0.0,0.0,0.0,0.0,-0.07195351130291516,0.10426895978491069,0.0010566070144513162,-0.07301011831736648,0.10321235277045937
6.5,0.10994238280377594,0.5939644527421587,0.06975934007244007,0.06975934007244007,0.06975934007244007,0.2195189157124359,0.0021185128361548757,0.1723202119723462,0.17697811205499261,0.0682840909429495,0.21740046620983633,0.052767746532700235,0.280370630581528,0.1265627857841643,0.0024520519555424787,0.682385639271593,4.440892098500626e-16,45.51495917554019,48.33279089167917,31.792963508558618,28.77734539796681,4.328654843111006,168418.27687678506,275.1428437036148,612.1121473114018,2.7755575615628914e-17,0.7165476645868533,1.0547118733938987e-15,0.9051482536448663,0.0,40372.01155122223,-10308.666993046954,-5.54084469260731,-0.0,15.504758578669874,-3.141592653589793,5.54084469260731,-6.785577717374142e-16,-10.59512876939286,-0.0,12.603243425817631,-3.141592653589793,10.59512876939286,-1.2975290533991e-15,-0.35185834784255465,-0.0,1.410128899434522,-0.358517271636292,-0.0,1.4084391888443943,0.35185834784255465,-4.3090219943866055e-17,0.21700710476790117,0.0,-0.869690861939593,0.21700710476790117,0.0,0.0,-0.9051482536448666,0.0,0.9997138099199245,0.0,0.023922756015746727,0.9997138099199245,0.3365211939993782,0.0,-0.9416758922204779,0.3365211939993782,0.3365211939993782,0.0,-0.9416758922204779,0.3365211939993782,0.6434913053618665,0.0,-0.765453421132652,0.6434913053618665,0.2211151162846149,0.0,-0.8686532551131123,0.2211151162846149,0.5592378268403129,0.0,-0.8290072695887077,0.5592378268403129,0.7413932584733399,0.0,-0.671070813171221,0.7413932584733399,0.0,0.0,-1.0,0.0,0.22176226123636067,0.0,-0.8684913945031085,0.22176226123636067,0.11951408923147702,0.4264842005939653,0.004108011516713722,0.1154060777147633,0.4223761890772516,0.0,0.0,0.0,0.0,0.0,-0.07198503028088488,0.10423744080694097,0.001037606826480686,-0.07302263710736556,0.10319983398046029
6.666666666666666,0.11000417122866374,0.5939257802387564,0.06971555719268901,0.06971555719268901,0.06971555719268901,0.21945691825795327,0.002080103091683044,0.17225870497880494,0.17697811205499256,0.0682678635571046,0.217376878975832,0.052767746532700305,0.28030906239544884,0.12662207942833975,0.0023900541192540996,0.6823966628348201,4.440892098500626e-16,45.51495917554019,48.33279089167917,31.792963508558618,28.77734539796681,4.328654843111006,177165.84023856412,275.1428437036148,643.9049544367144,0.0,0.7165476645868533,8.326672684688674e-16,0.9051482536448661,0.0,42468.9141893199,-10844.094141272271,-5.540844692607312,-0.0,15.504758578669874,-3.141592653589793,5.540844692607312,-6.785577717374145e-16,-10.59512876939286,-0.0,12.603243425817631,-3.141592653589793,10.59512876939286,-1.2975290533991e-15,-0.352053465931507,-0.0,1.4100804253361845,-0.3585914828856532,-0.0,1.408420648343757,0.352053465931507,-4.311411501817518e-17,0.21712742063008936,0.0,-0.869660876151666,0.21712742063008936,0.0,0.0,-0.9051482536448666,0.0,0.9997130138834106,0.0,0.023955998667296807,0.9997130138834106,0.3365211939993783,0.0,-0.9416758922204779,0.3365211939993783,0.3365211939993783,0.0,-0.9416758922204779,0.3365211939993783,0.6434913053618665,0.0,-0.765453421132652,0.6434913053618665,0.22116085062082996,0.0,-0.868641681372484,0.22116085062082996,0.5592378268403128,0.0,-0.8290072695887079,0.5592378268403128,0.7413932584733398,0.0,-0.6710708131712209,0.7413932584733398,0.0,0.0,-1.0,0.0,0.22176226123636067,0.0,-0.8684913945031085,0.22176226123636067,0.11939377336928894,0.4263638847317771,0.004033429990740606,0.11536034337854834,0.42233045474103653,0.0,0.0,0.0,0.0,0.0,-0.07201501606881189,0.10420745501901396,0.0010191947791819977,-0.07303421084799389,0.10318826023983196
6.833333333333333,0.110062990447619,0.5938886673963896,0.06967390965491757,0.06967390965491757,0.06967390965491757,0.21939789961225417,0.0020429017557909877,0.1722001545863558,0.17697811205499264,0.06825285878410234,0.21735506205955582,0.052767746532700055,0.2802504515301468,0.12667852910061933,0.00233103505841971,0.6824068894911808,4.440892098500626e-16,45.51495917554019,48.33279089167917,31.792963508558618,28.77734539796681,4.328654843111006,186134.86090064148,275.1428437036148,676.5026427550732,1.3877787807814457e-16,0.7165476645868533,9.43689570931383e-16,0.9051482536448668,0.0,44618.902970154224,-11393.076407174181,-5.540844692607308,-0.0,15.504758578669874,-3.141592653589793,5.540844692607308,-6.78557771737414e-16,-10.59512876939286,-0.0,12.603243425817631,-3.141592653589793,10.59512876939286,-1.2975290533991e-15,-0.352239201714369,-0.0,1.4100342498670084,-0.3586601232331084,-0.0,1.4084034950321598,0.352239201714369,-4.313686109137209e-17,0.21724195160462706,0.0,-0.869632314573746,0.21724195160462706,0.0,0.0,-0.9051482536448666,0.0,0.9997122743928466,0.0,0.023986838647097386,0.9997122743928466,0.33652119399937813,0.0,-0.9416758922204779,0.33652119399937813,0.33652119399937813,0.0,-0.9416758922204779,0.33652119399937813,0.6434913053618665,0.0,-0.765453421132652,0.6434913053618665,0.2212031518434192,0.0,-0.86863097397063,0.2212031518434192,0.5592378268403131,0.0,-0.8290072695887074,0.5592378268403131,0.74139325847334,0.0,-0.6710708131712206,0.74139325847334,0.0,0.0,-1.0,0.0,0.22176226123636067,0.0,-0.8684913945031085,0.22176226123636067,0.11927924239475107,0.42624935375723944,0.003961200238792151,0.11531804215595892,0.4222881535184473,0.0,0.0,0.0,0.0,0.0,-0.07204357764673186,0.10417889344109399,0.0010013406031159633,-0.07304491824984782,0.10317755283797803
7.0,0.11011904900780262,0.5938530259015014,0.06963424536927651,0.06963424536927651,0.06963424536927651,0.21934165058498695,0.002006845735233986,0.17214435307177117,0.17697811205499264,0.06823897510028881,0.21733486937126406,0.052767746532700235,0.28019459036340544,0.12673233417655583,0.0022747855877543292,0.6824163942462361,4.440892098500626e-16,45.51495917554019,48.33279089167917,31.792963508558618,28.77734539796681,4.328654843111006,195325.338863017,275.1428437036148,709.9052122664779,8.326672684688674e-17,0.7165476645868533,8.881784197001252e-16,0.9051482536448665,0.0,46821.9778937252,-11955.613790752683,-5.540844692607307,-0.0,15.504758578669874,-3.141592653589793,5.540844692607307,-6.785577717374139e-16,-10.59512876939286,-0.0,12.603243425817631,-3.141592653589793,10.59512876939286,-1.2975290533991e-15,-0.35241621458750777,-0.0,1.4099902137125326,-0.35872365253918403,-0.0,1.4083876150186285,0.35241621458750777,-4.315853891622182e-17,0.2173511042209889,0.0,-0.8696050783302137,0.2173511042209889,0.0,0.0,-0.9051482536448666,0.0,0.9997115862395821,0.0,0.02401550204218983,0.9997115862395821,0.3365211939993781,0.0,-0.9416758922204779,0.3365211939993781,0.3365211939993781,0.0,-0.9416758922204779,0.3365211939993781,0.6434913053618665,0.0,-0.765453421132652,0.6434913053618665,0.22124230333534167,0.0,-0.8686210617284393,0.22124230333534167,0.5592378268403129,0.0,-0.8290072695887077,0.5592378268403129,0.7413932584733399,0.0,-0.6710708131712207,0.7413932584733399,0.0,0.0,-1.0,0.0,0.22176226123636067,0.0,-0.8684913945031085,0.22176226123636067,0.11917008977838917,0.4261402011408776,0.0038911991143527613,0.1152788906640364,0.4222490020265248,0.0,0.0,0.0,0.0,0.0,-0.07207081389026415,0.1041516571975617,0.0009840166017743845,-0.07305483049203854,0.10316764059578731
7.166666666666666,0.1101725363407036,0.5938187735912054,0.06959642637043917,0.06959642637043917,0.06959642637043917,0.2192879811575315,0.0019718773079877242,0.1720911117572929,0.17697811205499264,0.06822612065624425,0.21731616862109626,0.0527677465327004,0.2801412902957302,0.12678367579096975,0.002221115693066927,0.6824252434838807,4.440892098500626e-16,45.51495917554019,48.33279089167917,31.792963508558618,28.77734539796681,4.328654843111006,204737.27412569066,275.1428437036148,744.1126629709281,1.3877787807814457e-16,0.7165476645868533,1.1657341758564144e-15,0.9051482536448663,0.0,49078.1389600328,-12531.706292007768,-5.540844692607308,-0.0,15.504758578669874,-3.141592653589793,5.540844692607308,-6.78557771737414e-16,-10.59512876939286,-0.0,12.603243425817631,-3.141592653589793,10.59512876939286,-1.2975290533991e-15,-0.35258510346836114,-0.0,1.409948171965233,-0.3587824872065987,-0.0,1.4083729050929727,0.35258510346836114,-4.317922183895668e-17,0.2174552477261894,0.0,-0.869579077504334,0.2174552477261894,0.0,0.0,-0.9051482536448666,0.0,0.999710944798579,0.0,0.024042188958837585,0.999710944798579,0.33652119399937813,0.0,-0.9416758922204779,0.33652119399937813,0.33652119399937813,0.0,-0.9416758922204779,0.33652119399937813,0.6434913053618665,0.0,-0.765453421132652,0.6434913053618665,0.22127856170050875,0.0,-0.8686118801486707,0.22127856170050875,0.5592378268403125,0.0,-0.8290072695887079,0.5592378268403125,0.7413932584733399,0.0,-0.671070813171221,0.7413932584733399,0.0,0.0,-1.0,0.0,0.22176226123636067,0.0,-0.8684913945031085,0.22176226123636067,0.11906594627318873,0.4260360576356771,0.0038233139743193423,0.11524263229886939,0.42221274366135775,0.0,0.0,0.0,0.0,0.0,-0.07209681471614382,0.10412565637168203,0.0009671973556633073,-0.07306401207180713,0.10315845901601872
7.333333333333333,0.11022362490229459,0.593785833984235,0.06956032721609648,0.06956032721609648,0.06956032721609648,0.21923671833694813,0.0019379435105697706,0.17204025887773894,0.17697811205499264,0.0682142121908406,0.21729883978576042,0.05276774653270025,0.2800903796216417,0.1268327188760603,0.002169852385297138,0.682433496128865,4.440892098500626e-16,45.51495917554019,48.33279089167917,31.792963508558618,28.77734539796681,4.328654843111006,214370.66668866263,275.1428437036148,779.1249948684246,1.3877787807814457e-16,0.7165476645868533,8.881784197001252e-16,0.9051482536448666,0.0,51387.38616907708,-13121.35391093945,-5.540844692607307,-0.0,15.504758578669874,-3.141592653589793,5.540844692607307,-6.785577717374139e-16,-10.59512876939286,-0.0,12.603243425817631,-3.141592653589793,10.59512876939286,-1.2975290533991e-15,-0.35274641357225794,-0.0,1.409907992540211,-0.35883700501134563,-0.0,1.4083592715492788,0.35274641357225794,-4.3198976629197417e-17,0.2175547182612181,0.0,-0.8695542301480919,0.2175547182612181,0.0,0.0,-0.9051482536448666,0.0,0.9997103459520121,0.0,0.024067077024602146,0.9997103459520121,0.3365211939993781,0.0,-0.9416758922204779,0.3365211939993781,0.3365211939993781,0.0,-0.9416758922204779,0.3365211939993781,0.6434913053618665,0.0,-0.765453421132652,0.6434913053618665,0.22131215974057356,0.0,-0.868603370679055,0.22131215974057356,0.5592378268403129,0.0,-0.8290072695887077,0.5592378268403129,0.74139325847334,0.0,-0.6710708131712207,0.74139325847334,0.0,0.0,-1.0,0.0,0.22176226123636067,0.0,-0.8684913945031085,0.22176226123636067,0.11896647573815997,0.4259365871006484,0.0037574414793554445,0.11520903425880452,0.42217914562129294,0.0,0.0,0.0,0.0,0.0,-0.07212166207238602,0.10410080901543983,0.0009508594690368355,-0.07307252154142285,0.103149949546403
7.5,0.11027247203191765,0.5937541358440049,0.06952583359904325,0.06952583359904325,0.06952583359904325,0.2191877042918506,0.0019049956069712784,0.1719916377280388,0.17697811205499264,0.06820317408861834,0.21728277377552074,0.052767746532700055,0.280041701680419,0.12687961393252467,0.0021208378364570594,0.6824412046304602,4.440892098500626e-16,45.51495917554019,48.33279089167917,31.792963508558618,28.77734539796681,4.328654843111006,224225.51655193276,275.1428437036148,814.9422079589668,0.0,0.7165476645868533,8.326672684688674e-16,0.9051482536448667,0.0,53749.719520858,-13724.556647547719,-5.540844692607307,-0.0,15.504758578669874,-3.141592653589793,5.540844692607307,-6.785577717374139e-16,-10.59512876939286,-0.0,12.603243425817631,-3.141592653589793,10.59512876939286,-1.2975290533991e-15,-0.3529006422959008,-0.0,1.4098695547865427,-0.3588875493023422,-0.0,1.408346629161707,0.3529006422959008,-4.3217864200471993e-17,0.21764982248799516,0.0,-0.8695304614187273,0.21764982248799516,0.0,0.0,-0.9051482536448666,0.0,0.9997097860242367,0.0,0.024090324351801362,0.9997097860242367,0.3365211939993781,0.0,-0.9416758922204779,0.3365211939993781,0.3365211939993781,0.0,-0.9416758922204779,0.3365211939993781,0.6434913053618665,0.0,-0.765453421132652,0.6434913053618665,0.2213433090426713,0.0,-0.8685954800709207,0.2213433090426713,0.5592378268403131,0.0,-0.8290072695887074,0.5592378268403131,0.7413932584733399,0.0,-0.6710708131712205,0.7413932584733399,0.0,0.0,-1.0,0.0,0.22176226123636067,0.0,-0.8684913945031085,0.22176226123636067,0.11887137151138291,0.42584148287387136,0.003693486554676134,0.11517788495670678,0.4221479963191952,0.0,0.0,0.0,0.0,0.0,-0.07214543080175062,0.10407704028607523,0.0009349813478065627,-0.07308041214955718,0.10314205893826867
7.666666666666666,0.11031922157217483,0.5937236127740623,0.06949284113958439,0.06949284113958439,0.06949284113958439,0.21914079472793607,0.0018729886270522507,0.17194510504898708,0.17697811205499261,0.06819293755873312,0.21726787127137698,0.05276774653270025,0.27999511324456344,0.1269244985732732,0.0020739277552225153,0.6824484157980375,4.440892098500626e-16,45.51495917554019,48.33279089167917,31.792963508558618,28.77734539796681,4.328654843111006,234301.8237155011,275.1428437036148,851.564302242555,2.7755575615628914e-17,0.7165476645868533,1.27675647831893e-15,0.9051482536448664,0.0,56165.139015375564,-14341.31450183258,-5.54084469260731,-0.0,15.504758578669874,-3.141592653589793,5.54084469260731,-6.785577717374142e-16,-10.59512876939286,-0.0,12.603243425817631,-3.141592653589793,10.59512876939286,-1.2975290533991e-15,-0.35304824434458215,-0.0,1.4098327482776167,-0.3589344326646211,-0.0,1.4083349002899308,0.35304824434458215,-4.323594023811852e-17,0.21774084074987876,0.0,-0.8695077028256332,0.21774084074987876,0.0,0.0,-0.9051482536448666,0.0,0.9997092617262358,0.0,0.02411207205498217,0.9997092617262358,0.3365211939993782,0.0,-0.9416758922204779,0.3365211939993782,0.3365211939993782,0.0,-0.9416758922204779,0.3365211939993782,0.6434913053618665,0.0,-0.765453421132652,0.6434913053618665,0.22137220223661927,0.0,-0.868588159819088,0.22137220223661927,0.5592378268403129,0.0,-0.8290072695887077,0.5592378268403129,0.7413932584733398,0.0,-0.6710708131712207,0.7413932584733398,0.0,0.0,-1.0,0.0,0.22176226123636067,0.0,-0.8684913945031085,0.22176226123636067,0.11878035324949943,0.42575046461198773,0.0036313614867405086,0.11514899176275892,0.42211910312524725,0.0,0.0,0.0,0.0,0.0,-0.0721681893948447,0.10405428169298114,0.000919543006545176,-0.07308773240138988,0.10313473868643597
7.833333333333333,0.11036400528494981,0.5936942028442638,0.06946125433190038,0.06946125433190038,0.06946125433190038,0.21909585746790122,0.0018418809641510107,0.17190052961622093,0.17697811205499256,0.06818343991742606,0.21725404170740922,0.0527677465327003,0.2799504831109234,0.12696749887334835,0.002028989966899271,0.6824551715135033,4.440892098500626e-16,45.51495917554019,48.33279089167917,31.792963508558618,28.77734539796681,4.328654843111006,244599.58817936765,275.1428437036148,888.991277719189,8.326672684688674e-17,0.7165476645868533,9.992007221626409e-16,0.9051482536448666,0.0,58633.64465262979,-14971.627473794031,-5.540844692607312,-0.0,15.504758578669874,-3.141592653589793,5.540844692607312,-6.785577717374145e-16,-10.59512876939286,-0.0,12.603243425817631,-3.141592653589793,10.59512876939286,-1.2975290533991e-15,-0.3531896362129499,-0.0,1.4097974717481436,-0.3589779401249783,-0.0,1.4083240140952706,0.3531896362129499,-4.325325574802072e-17,0.21782802983410002,0.0,-0.8694858915702625,0.21782802983410002,0.0,0.0,-0.9051482536448666,0.0,0.999708770108011,0.0,0.024132446397499008,0.999708770108011,0.3365211939993783,0.0,-0.9416758922204779,0.3365211939993783,0.3365211939993783,0.0,-0.9416758922204779,0.3365211939993783,0.6434913053618665,0.0,-0.765453421132652,0.6434913053618665,0.22139901497020395,0.0,-0.8685813656711683,0.22139901497020395,0.5592378268403128,0.0,-0.8290072695887079,0.5592378268403128,0.7413932584733399,0.0,-0.6710708131712205,0.7413932584733399,0.0,0.0,-1.0,0.0,0.22176226123636067,0.0,-0.8684913945031085,0.22176226123636067,0.11869316416527828,0.4256632755277665,0.0035709851361039324,0.11512217902917435,0.4220922903916625,0.0,0.0,0.0,0.0,0.0,-0.07219000065021541,0.10403247043761044,0.0009045258990941774,-0.07309452654930959,0.10312794453851626
8.0,0.11040694409295493,0.5936658482469899,0.06943098562100791,0.06943098562100791,0.06943098562100791,0.21905277120639077,0.0018116340234597323,0.17185779100305026,0.1769781120549926,0.06817462395897851,0.21724120237739536,0.052767746532700235,0.2799076908655548,0.12700873055341194,0.0019859031684234425,0.6824615093409054,4.440892098500626e-16,45.51495917554019,48.33279089167917,31.792963508558618,28.77734539796681,4.328654843111006,255118.8099435324,275.1428437036148,927.223134388869,5.551115123125783e-17,0.7165476645868533,9.43689570931383e-16,0.9051482536448674,0.0,61155.23643262066,-15615.495563432072,-5.540844692607311,-0.0,15.504758578669874,-3.141592653589793,5.540844692607311,-6.785577717374143e-16,-10.59512876939286,-0.0,12.603243425817631,-3.141592653589793,10.59512876939286,-1.2975290533991e-15,-0.35332520011568036,-0.0,1.4097636321709377,-0.359018331965969,-0.0,1.4083139058517617,0.35332520011568036,-4.3269857537976596e-17,0.21791162539400852,0.0,-0.8694649699686016,0.21791162539400852,0.0,0.0,-0.9051482536448666,0.0,0.9997083085176468,0.0,0.024151560628359714,0.9997083085176468,0.33652119399937824,0.0,-0.9416758922204779,0.33652119399937824,0.33652119399937824,0.0,-0.9416758922204779,0.33652119399937824,0.6434913053618665,0.0,-0.765453421132652,0.6434913053618665,0.22142390764314746,0.0,-0.868575057196353,0.22142390764314746,0.5592378268403129,0.0,-0.8290072695887077,0.5592378268403129,0.7413932584733403,0.0,-0.6710708131712203,0.7413932584733403,0.0,0.0,-1.0,0.0,0.22176226123636067,0.0,-0.8684913945031085,0.22176226123636067,0.11860956860536973,0.42557967996785795,0.003512282249138937,0.11509728635623079,0.42206739771871904,0.0,0.0,0.0,0.0,0.0,-0.07221092225187631,0.10401154883594954,0.0008899127722485911,-0.0731008350241249,0.10312163606370095
