lambda,g,g2,d_exact_tau,d_exact_weak,d_exact_hmf,d_exact_hmf_v4,d_exact_hmf_sym,d_exact_hmf_eq67,d_exact_hmf_ord,d_exact_hmf_collapsed_direct,d_sym_eq67,d_sym_ord,d_eq67_ord,d_eq67_collapsed_direct,d_exact_eq67_xonly,d_exact_eq67_zonly,d_exact_us,d_weak_tau,d_us_projector_vs_closed,q_reorg,alpha0,delta_x0,delta_y0,delta_z0,kernel_eff_v4,kernel_base_v4,kernel_scale_v4,delta_sign_x_v4,delta_sign_z_v4,lambda_paper_v4,sym_nonherm_maxabs,eq67_nonherm_maxabs,collapsed_direct_nonherm_maxabs,eq67_xonly_nonherm_maxabs,eq67_zonly_nonherm_maxabs,delta_x_amp_eq67,delta_z_amp_eq67,hx_v4,hy_v4,hz_v4,phi_v4,hx_v4_rot,hy_v4_rot,hx_eq67,hy_eq67,hz_eq67,phi_eq67,hx_eq67_rot,hy_eq67_rot,hx_num_lab,hy_num_lab,hz_num,hx_ord,hy_ord,hz_ord,hx_num_rot,hy_num_rot,exact_bloch_x,exact_bloch_y,exact_bloch_z,exact_coherence_hs,tau_bloch_x,tau_bloch_y,tau_bloch_z,tau_coherence_hs,weak_bloch_x,weak_bloch_y,weak_bloch_z,weak_coherence_hs,hmf_bloch_x,hmf_bloch_y,hmf_bloch_z,hmf_coherence_hs,sym_bloch_x,sym_bloch_y,sym_bloch_z,sym_coherence_hs,eq67_bloch_x,eq67_bloch_y,eq67_bloch_z,eq67_coherence_hs,ord_bloch_x,ord_bloch_y,ord_bloch_z,ord_coherence_hs,collapsed_direct_bloch_x,collapsed_direct_bloch_y,collapsed_direct_bloch_z,collapsed_direct_coherence_hs,eq67_xonly_bloch_x,eq67_xonly_bloch_y,eq67_xonly_bloch_z,eq67_xonly_coherence_hs,eq67_zonly_bloch_x,eq67_zonly_bloch_y,eq67_zonly_bloch_z,eq67_zonly_coherence_hs,us_bloch_x,us_bloch_y,us_bloch_z,us_coherence_hs,res_sym_minus_exact_bloch_x,res_eq67_minus_exact_bloch_x,res_ord_minus_exact_bloch_x,res_sym_minus_ord_bloch_x,res_eq67_minus_ord_bloch_x,res_sym_minus_exact_bloch_y,res_eq67_minus_exact_bloch_y,res_ord_minus_exact_bloch_y,res_sym_minus_ord_bloch_y,res_eq67_minus_ord_bloch_y,res_sym_minus_exact_bloch_z,res_eq67_minus_exact_bloch_z,res_ord_minus_exact_bloch_z,res_sym_minus_ord_bloch_z,res_eq67_minus_ord_bloch_z
0.0,0.0,0.0,1.1102230246251565e-16,6.591949208711867e-17,6.938893903907228e-17,6.938893903907228e-17,6.938893903907228e-17,6.245004513516506e-17,3.469446951953614e-18,6.591949208711867e-17,2.0816681711721685e-17,6.591949208711867e-17,6.591949208711867e-17,1.734723475976807e-17,6.591949208711867e-17,6.591949208711867e-17,0.11238574846349797,6.591949208711867e-17,4.440892098500626e-16,45.51495917554019,48.33279089167917,31.792963508558618,28.77734539796681,4.328654843111006,0.0,275.1428437036148,0.5,1.0,1.0,0.0,0.0,0.0,0.0,0.0,0.0,0.0,-0.0,-0.0,-0.0,1.5000000000000004,-3.141592653589793,0.0,0.0,-0.0,-0.0,1.5000000000000004,-3.141592653589793,0.0,0.0,-0.0,-0.0,1.5000000000000004,-0.0,-0.0,1.5000000000000009,0.0,0.0,0.0,0.0,-0.9051482536448664,0.0,0.0,0.0,-0.9051482536448666,0.0,0.0,0.0,-0.9051482536448665,0.0,0.0,0.0,-0.9051482536448665,0.0,0.0,0.0,-0.9051482536448665,0.0,0.0,0.0,-0.9051482536448665,0.0,0.0,0.0,-0.9051482536448664,0.0,0.0,0.0,-0.9051482536448665,0.0,0.0,0.0,-0.9051482536448665,0.0,0.0,0.0,-0.9051482536448665,0.0,0.22176226123636067,0.0,-0.8684913945031085,0.22176226123636067,0.0,0.0,0.0,0.0,0.0,0.0,0.0,0.0,0.0,0.0,-1.1102230246251565e-16,-1.1102230246251565e-16,0.0,-1.1102230246251565e-16,-1.1102230246251565e-16
0.01,0.01,0.0001,0.00017193915586531845,0.0014193702965292214,0.0005392365496960132,0.0005392365496960132,0.0005392365496960132,0.0014805805369319906,0.00013474671394804035,0.00011808453235552062,0.0009472227938774597,0.00041366818368858904,0.0013489307759299248,0.0013651120751106776,0.0014786902336816417,0.00019715478172840207,0.11221387917230487,0.001590129233405152,4.440892098500626e-16,45.51495917554019,48.33279089167917,31.792963508558618,28.77734539796681,4.328654843111006,0.01375714218518074,275.1428437036148,0.5,1.0,1.0,0.0001,2.168404344971009e-19,0.0029826792292334077,9.75781955236954e-19,0.002984953283705443,0.0,0.0032977626508924394,-0.000842057051009853,-0.002322295224556516,-0.0,1.5008462637410875,-3.141592653589793,0.002322295224556516,-2.843991413428321e-19,-0.005463059090809806,-0.0,1.5008653506323313,-3.141592653589793,0.005463059090809806,-6.690317829113078e-19,-0.0005645926810267799,-0.0,1.4997435648515034,-0.0010068100841959574,-0.0,1.4995393539384332,0.0005645926810267799,-6.914266196414686e-20,0.0003407341740480846,0.0,-0.9051018584305176,0.0003407341740480846,0.0,0.0,-0.9051482536448666,0.0,0.003179296350855861,0.0,-0.9050700319780904,0.003179296350855861,0.001400792752729861,0.0,-0.9053003024676551,0.001400792752729861,0.001400792752729861,0.0,-0.9053003024676551,0.001400792752729861,0.0032952383404847804,0.0,-0.9053003024676554,0.0032952383404847804,0.0006076722158619109,0.0,-0.9050648342558235,0.0006076722158619109,0.0005747447611431817,0.0,-0.9050700013707993,0.0005747447611431817,0.0032977506962926597,0.0,-0.9051482536448665,0.0032977506962926597,0.0,0.0,-0.9053003030184239,0.0,0.22176226123636067,0.0,-0.8684913945031085,0.22176226123636067,0.0010600585786817763,0.0029545041664366957,0.0002669380418138263,0.0007931205368679501,0.0026875661246228695,0.0,0.0,0.0,0.0,0.0,-0.0001984440371375351,-0.00019844403713775716,3.702417469408914e-05,-0.00023546821183162425,-0.0002354682118318463
0.02,0.02,0.0004,0.0006846110954212897,0.0056806048443392675,0.002153370731136359,0.002153370731136359,0.002153370731136359,0.005909990903963266,0.0005360032146881067,0.0004768376855759311,0.0037800357404750725,0.0016538156538661321,0.005386313331100769,0.005443718529677345,0.005917514923985619,0.0007853702276532494,0.11170141628932317,0.006360516933620601,4.440892098500626e-16,45.51495917554019,48.33279089167917,31.792963508558618,28.77734539796681,4.328654843111006,0.05502856874072296,275.1428437036148,0.5,1.0,1.0,0.0004,4.336808689942018e-19,0.011902832323874053,3.903127820947816e-18,0.011939163938899938,0.0,0.013191050603569758,-0.003368228204039412,-0.00927879725753291,-0.0,1.5034354512450891,-3.141592653589793,0.00927879725753291,-1.1363249361374917e-18,-0.02183197198753378,-0.0,1.5037412762607771,-3.141592653589793,0.02183197198753378,-2.673645461360792e-18,-0.002247236073799423,-0.0,1.4989823966386033,-0.004004538209830146,-0.0,1.4981772306192649,0.002247236073799423,-2.7520704647069284e-19,0.001356698112253022,0.0,-0.9049634844913131,0.001356698112253022,0.0,0.0,-0.9051482536448666,0.0,0.012717185403423443,0.0,-0.9048353669777628,0.012717185403423443,0.005590075222579941,0.0,-0.905755027455794,0.005590075222579941,0.005590075222579941,0.0,-0.905755027455794,0.005590075222579941,0.013150146703530086,0.0,-0.9057550274557941,0.013150146703530086,0.002418519261829814,0.0,-0.9048160611860478,0.002418519261829814,0.002301662342361989,0.0,-0.9048348792139868,0.002301662342361989,0.013190285559103843,0.0,-0.9051482536448666,0.013190285559103843,0.0,0.0,-0.905755062541884,0.0,0.22176226123636067,0.0,-0.8684913945031085,0.22176226123636067,0.0042333771103269194,0.011793448591277064,0.001061821149576792,0.0031715559607501274,0.010731627441700272,0.0,0.0,0.0,0.0,0.0,-0.000791542964480807,-0.000791542964480918,0.0001474233052652929,-0.0009389662697460999,-0.0009389662697462109
0.03,0.03,0.0009,0.001528713184311548,0.012792941685173703,0.004830738632055105,0.004830738632055105,0.004830738632055105,0.013249203312557465,0.0011946887238809898,0.0010895694658150296,0.008470779593513236,0.0037170689322462264,0.012082011437863489,0.01218378249945512,0.01332245341527626,0.0017550301186552999,0.11085766084228511,0.014311163100646349,4.440892098500626e-16,45.51495917554019,48.33279089167917,31.792963508558618,28.77734539796681,4.328654843111006,0.12381427966662666,275.1428437036148,0.5,1.0,1.0,0.0009,8.673617379884035e-19,0.02667336397761422,9.107298248878237e-18,0.026856791404270008,0.0,0.02967986385803195,-0.007578513459088677,-0.020837770358046088,-0.0,1.5079181053888895,-3.141592653589793,0.020837770358046088,-2.551890877034874e-18,-0.0490694847565169,-0.0,1.5094719951870985,-3.141592653589793,0.0490694847565169,-6.009278744287827e-18,-0.005015075697795469,-0.0,1.4977403372773983,-0.00892555277022863,-0.0,1.4959717135124837,0.005015075697795469,-6.1416964007869e-19,0.003029441800606986,0.0,-0.9047355329447716,0.003029441800606986,0.0,0.0,-0.9051482536448666,0.0,0.02861366715770275,0.0,-0.9044442586438832,0.02861366715770275,0.01252694375733149,0.0,-0.9065079887289684,0.01252694375733149,0.01252694375733149,0.0,-0.9065079887289684,0.01252694375733149,0.029468502944357964,0.0,-0.9065079887289682,0.029468502944357964,0.00539604259895754,0.0,-0.9044064049315,0.00539604259895754,0.005188694200560139,0.0,-0.9044418059343651,0.005188694200560139,0.02967115198656422,0.0,-0.9051482536448665,0.02967115198656422,0.0,0.0,-0.9065083852359351,0.0,0.22176226123636067,0.0,-0.8684913945031085,0.22176226123636067,0.009497501956724504,0.026439061143750976,0.002366600798350554,0.00713090115837395,0.024072460345400424,0.0,0.0,0.0,0.0,0.0,-0.0017724557841968247,-0.0017724557841966027,0.0003291280132715624,-0.002101583797468387,-0.002101583797468165
0.04,0.04,0.0016,0.0026891773136654713,0.02277134457609576,0.008548866472519494,0.008548866472519494,0.008548866472519494,0.023426593133166522,0.00209530100893569,0.001977841881539921,0.014969822703286468,0.006595160332408229,0.021379579797078274,0.021492612017711788,0.02369588827748066,0.003090532433629737,0.10969767828133503,0.025442067734482404,4.440892098500626e-16,45.51495917554019,48.33279089167917,31.792963508558618,28.77734539796681,4.328654843111006,0.22011427496289185,275.1428437036148,0.5,1.0,1.0,0.0016,3.469446951953614e-18,0.04713799069342871,1.734723475976807e-17,0.047715153253411566,0.0,0.05276420241427903,-0.013472912816157648,-0.03694441819861838,-0.0,1.5145428801176295,-3.141592653589793,0.03694441819861838,-4.524386349329922e-18,-0.08719241815105597,-0.0,1.5194923519620662,-3.141592653589793,0.08719241815105597,-1.0677991579860827e-17,-0.008815133169932335,-0.0,1.4960552936288083,-0.0156588178187248,-0.0,1.4930151481586966,0.008815133169932335,-1.0795424620615295e-18,0.005329080736138043,0.0,-0.9044218949145861,0.005329080736138043,0.0,0.0,-0.9051482536448666,0.0,0.050868741613693785,0.0,-0.9038967069764519,0.050868741613693785,0.022138000994016846,0.0,-0.9075512193822858,0.022138000994016846,0.022138000994016846,0.0,-0.9075512193822858,0.022138000994016846,0.05207764640058978,0.0,-0.9075512193822858,0.05207764640058978,0.009479554432720314,0.0,-0.9038433507363539,0.009479554432720314,0.009248709338030823,0.0,-0.9038890293999227,0.009248709338030823,0.052715290629210605,0.0,-0.9051482536448665,0.052715290629210605,0.0,0.0,-0.9075534219224518,0.0,0.22176226123636067,0.0,-0.8684913945031085,0.22176226123636067,0.016808920257878803,0.046748565664451736,0.004150473696582271,0.012658446561296532,0.04259809196786947,0.0,0.0,0.0,0.0,0.0,-0.0031293244676996457,-0.0031293244676996457,0.0005785441782322209,-0.0037078686459318666,-0.0037078686459318666
0.05,0.05,0.0025000000000000005,0.004145789781402041,0.035635887769511314,0.01327024994465175,0.01327024994465175,0.01327024994465175,0.03632880580312612,0.0032155758959519377,0.0031705622559706,0.023200664119495645,0.010271088521314054,0.03318746487453185,0.03322862433397082,0.03702536646296334,0.004770893353500999,0.10824167862609871,0.039753230835128765,4.440892098500626e-16,45.51495917554019,48.33279089167917,31.792963508558618,28.77734539796681,4.328654843111006,0.34392855462951855,275.1428437036148,0.5,1.0,1.0,0.0025000000000000005,3.469446951953614e-18,0.07305582110241393,2.2551405187698492e-17,0.07445548708804828,0.0,0.08244406627231099,-0.021051426275246327,-0.05751819539578609,-0.0,1.5236528323668737,-3.141592653589793,0.05751819539578609,-7.043947388418146e-18,-0.1363953525635375,-0.0,1.5359157659079643,-3.141592653589793,0.1363953525635375,-1.6703613193551093e-17,-0.0135767995287538,-0.0,1.4939767234533479,-0.02405272809253979,-0.0,1.4894277402548,0.0135767995287538,-1.6626784085553634e-18,0.008215525674934906,0.0,-0.9040277941271705,0.008215525674934906,0.0,0.0,-0.9051482536448666,0.0,0.07948240877139656,0.0,-0.9031927119754685,0.07948240877139656,0.03431011412222579,0.0,-0.908872439433138,0.03431011412222579,0.03431011412222579,0.0,-0.908872439433138,0.03431011412222579,0.08071144236121708,0.0,-0.908872439433138,0.08071144236121708,0.014584741286221291,0.0,-0.9031373976607275,0.014584741286221291,0.014498935890030144,0.0,-0.9031742039768182,0.014498935890030144,0.08225778129519627,0.0,-0.9051482536448664,0.08225778129519627,0.0,0.0,-0.9088807140158979,0.0,0.22176226123636067,0.0,-0.8684913945031085,0.22176226123636067,0.02609458844729088,0.07249591668628218,0.006369215611286385,0.019725372836004496,0.06612670107499578,0.0,0.0,0.0,0.0,0.0,-0.00484464530596751,-0.00484464530596751,0.0008903964664429553,-0.005735041772410465,-0.005735041772410465
0.06,0.06,0.0036,0.005873994225280794,0.05141095906099165,0.018937141036322883,0.018937141036322883,0.018937141036322883,0.05178952609005999,0.004526373414267716,0.004702760875047214,0.033053935046486634,0.01471408944016971,0.04736788684572679,0.047191326473827996,0.05326829804542396,0.006770529958426804,0.10651421357214447,0.0572446524025854,4.440892098500626e-16,45.51495917554019,48.33279089167917,31.792963508558618,28.77734539796681,4.328654843111006,0.4952571186665066,275.1428437036148,0.5,1.0,1.0,0.0036,0.0,0.1040824673401389,3.469446951953614e-17,0.10695668574876484,0.0,0.1187194554321278,-0.030314053836354708,-0.08244939609684561,-0.0,1.5356796045436014,-3.141592653589793,0.08244939609684561,-1.0097138902163425e-17,-0.19724935648405725,-0.0,1.5617653623092063,-3.141592653589793,0.19724935648405725,-2.4156079305207594e-17,-0.019215003460496545,-0.0,1.4915625328097395,-0.03391955743747489,-0.0,1.4853492233920205,0.019215003460496545,-2.353159248350241e-18,0.01164007551168239,0.0,-0.9035595829058963,0.01164007551168239,0.0,0.0,-0.9051482536448666,0.0,0.11445466863081102,0.0,-0.9023322736409335,0.11445466863081102,0.04888154398479558,0.0,-0.9104540929308693,0.04888154398479558,0.04888154398479558,0.0,-0.9104540929308693,0.04888154398479558,0.11498941407776885,0.0,-0.9104540929308692,0.11498941407776885,0.020605042176329302,0.0,-0.9023019669695597,0.020605042176329302,0.02096012991040591,0.0,-0.9022945037003389,0.02096012991040591,0.11816482583717065,0.0,-0.9051482536448664,0.11816482583717065,0.0,0.0,-0.9104783216460246,0.0,0.22176226123636067,0.0,-0.8684913945031085,0.22176226123636067,0.03724146847311319,0.10334933856608645,0.008964966664646912,0.028276501808466276,0.09438437190143954,0.0,0.0,0.0,0.0,0.0,-0.0068945100249729885,-0.0068945100249728775,0.0012576159363366646,-0.008152125961309653,-0.008152125961309542
0.07,0.07,0.004900000000000001,0.00784582174625752,0.0701243365069017,0.025466099522621355,0.025466099522621355,0.025466099522621355,0.06957785836403507,0.005992029470427744,0.006614092363541516,0.04438124868540512,0.01987393965368567,0.06372487734253457,0.0631111829000392,0.07233339011338674,0.009060167598432027,0.10454324641803951,0.07791633243685236,4.440892098500626e-16,45.51495917554019,48.33279089167917,31.792963508558618,28.77734539796681,4.328654843111006,0.6740999670738563,275.1428437036148,0.5,1.0,1.0,0.004900000000000001,0.0,0.13975067901345853,4.5102810375396984e-17,0.14500335019040853,0.0,0.16159036989372955,-0.041260795499482805,-0.11159541028491674,-0.0,1.5511349642566126,-3.141592653589793,0.11159541028491674,-1.366649620049589e-17,-0.271046027791529,-0.0,1.6015236462996858,-3.141592653589793,0.271046027791529,-3.319356503565005e-17,-0.025633791008875098,-0.0,1.4888757114277629,-0.04504171957332552,-0.0,1.4809293001645762,0.025633791008875098,-3.139234010903109e-18,0.015547262458568842,0.0,-0.9030245056512087,0.015547262458568842,0.0,0.0,-0.9051482536448666,0.0,0.15578552119193725,0.0,-0.9013153919728466,0.15578552119193725,0.0656328499667205,0.0,-0.912272360729415,0.0656328499667205,0.0656328499667205,0.0,-0.912272360729415,0.0656328499667205,0.15439534733753074,0.0,-0.912272360729415,0.15439534733753074,0.027414202895513596,0.0,-0.9013531608741194,0.027414202895513596,0.02865544872837014,0.0,-0.9012467756688927,0.02865544872837014,0.16019845324399246,0.0,-0.9051482536448665,0.16019845324399246,0.0,0.0,-0.912331985314957,0.0,0.22176226123636067,0.0,-0.8684913945031085,0.22176226123636067,0.05008558750815166,0.13884808487896189,0.011866940436944754,0.03821864707120691,0.12698114444201714,0.0,0.0,0.0,0.0,0.0,-0.009247855078206246,-0.009247855078206246,0.0016713447770893008,-0.010919199855295547,-0.010919199855295547
0.08,0.08,0.0064,0.010030887632197727,0.0918061989153098,0.03274331661452917,0.03274331661452917,0.03274331661452917,0.08938860598979934,0.007571336996059237,0.00894710251223458,0.05699017859859805,0.02567543167822566,0.08199360012145512,0.08064161830261832,0.09406031162420972,0.011607813508612654,0.10235915540260038,0.1017682709379296,4.440892098500626e-16,45.51495917554019,48.33279089167917,31.792963508558618,28.77734539796681,4.328654843111006,0.8804570998515674,275.1428437036148,0.5,1.0,1.0,0.0064,0.0,0.1794545307345412,6.591949208711867e-17,0.1882507598718669,0.0,0.21105680965711612,-0.053891651264630594,-0.1447771878479754,-0.0,1.5705991602064808,-3.141592653589793,0.1447771878479754,-1.7730091968757816e-17,-0.3604933079563575,-0.0,1.6624534190177775,-3.141592653589793,0.3604933079563575,-4.414769757027943e-17,-0.032730047291768455,-0.0,1.4859810225976262,-0.05717980277931202,-0.0,1.4763177636355533,0.032730047291768455,-4.0082747651805736e-18,0.019876829311010043,0.0,-0.9024304450975106,0.019876829311010043,0.0,0.0,-0.9051482536448666,0.0,0.20347496645477514,0.0,-0.9001420669712079,0.20347496645477514,0.08427946379004067,0.0,-0.9142963544110686,0.08427946379004067,0.08427946379004067,0.0,-0.9142963544110686,0.08427946379004067,0.19825982098723677,0.0,-0.9142963544110685,0.19825982098723677,0.034870209747397275,0.0,-0.9003093324834937,0.034870209747397275,0.037608991493582225,0.0,-0.9000277387507645,0.037608991493582225,0.20797781922885625,0.0,-0.9051482536448666,0.20797781922885625,0.0,0.0,-0.91442531876687,0.0,0.22176226123636067,0.0,-0.8684913945031085,0.22176226123636067,0.06440263447903063,0.17838299167622673,0.014993380436387233,0.049409254042643395,0.1633896112398395,0.0,0.0,0.0,0.0,0.0,-0.01186590931355802,-0.01186590931355791,0.002121112614016929,-0.01398702192757495,-0.013987021927574839
0.09,0.09,0.0081,0.012397395251057135,0.11648812907916917,0.04062190387581196,0.04062190387581196,0.04062190387581196,0.11083717251474424,0.009219191684752548,0.011745300915429403,0.07064189590396365,0.03201416687406751,0.10183364211799088,0.09935583928296376,0.1182000072647213,0.014379739578290949,0.09999372988274718,0.12880046790581712,4.440892098500626e-16,45.51495917554019,48.33279089167917,31.792963508558618,28.77734539796681,4.328654843111006,1.11432851699964,275.1428437036148,0.5,1.0,1.0,0.0081,0.0,0.22244198195855383,8.673617379884035e-17,0.23619103199684496,0.0,0.2671187747222876,-0.0682066211317981,-0.18177659815981806,-0.0,1.5947056672454267,-3.141592653589793,0.18177659815981806,-2.2261212909631584e-17,-0.4714402066429576,-0.0,1.7581512695338337,-3.141592653589793,0.4714402066429576,-5.773477400546648e-17,-0.0403971153393618,-0.0,1.4829420125697694,-0.0700820308611677,-0.0,1.471655298303316,0.0403971153393618,-4.9472197995135875e-18,0.024565720888976805,0.0,-0.9017856663599586,0.024565720888976805,0.0,0.0,-0.9051482536448666,0.0,0.25752300441932474,0.0,-0.8988122986360172,0.25752300441932474,0.10446819529785414,0.0,-0.9164877370073718,0.10446819529785414,0.10446819529785414,0.0,-0.9164877370073718,0.10446819529785414,0.24575198710578144,0.0,-0.9164877370073718,0.24575198710578144,0.04282055300653764,0.0,-0.8991904620056714,0.04282055300653764,0.04784396911714885,0.0,-0.8986342327491155,0.04784396911714885,0.2609418192497714,0.0,-0.9051482536448665,0.2609418192497714,0.0,0.0,-0.9167400302234855,0.0,0.22176226123636067,0.0,-0.8684913945031085,0.22176226123636067,0.07990247440887734,0.22118626621680465,0.018254832117560838,0.0616476422913165,0.2029314340992438,0.0,0.0,0.0,0.0,0.0,-0.014702070647413246,-0.014702070647413246,0.0025952043542871728,-0.01729727500170042,-0.01729727500170042
0.1,0.1,0.010000000000000002,0.014913093907935642,0.14420216256172175,0.04892236500987002,0.04892236500987002,0.04892236500987002,0.13346187059470122,0.010888788513859108,0.015051076488989217,0.0850530353782484,0.038754979035318216,0.12282917132984077,0.11875122484274767,0.14439906874855482,0.017341423433225457,0.09747921255691774,0.15901292334051503,4.440892098500626e-16,45.51495917554019,48.33279089167917,31.792963508558618,28.77734539796681,4.328654843111006,1.3757142185180742,275.1428437036148,0.5,1.0,1.0,0.010000000000000002,1.3877787807814457e-17,0.2678207530959973,9.71445146547012e-17,0.28812654481521977,0.0,0.32977626508924396,-0.08420570510098531,-0.2223354862581976,-0.0,1.6241221570266946,-3.141592653589793,0.2223354862581976,-2.7228244158297203e-17,-0.6185432796129218,-0.0,1.920733245295373,-3.141592653589793,0.6185432796129218,-7.574970475120709e-17,-0.04852811367134059,-0.0,1.479818527149725,-0.08349450800618913,-0.0,1.467065885328004,0.04852811367134059,-5.942979907626617e-18,0.029549984096060765,0.0,-0.9010985722314484,0.029549984096060765,0.0,0.0,-0.9051482536448666,0.0,0.3179296350855862,0.0,-0.8973260869672747,0.3179296350855862,0.12577999212605523,0.0,-0.9188010225472386,0.12577999212605523,0.12577999212605523,0.0,-0.9188010225472386,0.12577999212605523,0.29588606288255204,0.0,-0.9188010225472384,0.29588606288255204,0.05110848776116722,0.0,-0.8980173742631589,0.05110848776116722,0.059380471631424986,0.0,-0.8970635223789564,0.059380471631424986,0.3183197268016449,0.0,-0.9051482536448666,0.3183197268016449,0.0,0.0,-0.919256168622057,0.0,0.22176226123636067,0.0,-0.8684913945031085,0.22176226123636067,0.09623000802999446,0.2663360787864913,0.021558503665106456,0.07467150436488801,0.24477757512138482,0.0,0.0,0.0,0.0,0.0,-0.017702450315790208,-0.017702450315789986,0.0030811979682895396,-0.020783648284079748,-0.020783648284079526
0.11,0.11,0.0121,0.017546147391352927,0.17497992500671747,0.05743722741412205,0.05743722741412205,0.05743722741412205,0.15673587166075256,0.012534127129459383,0.018903490204017805,0.09990304851733058,0.04573418807700355,0.14449843074015412,0.13826348477546374,0.17219231335912025,0.02045840678569102,0.09484743100787388,0.19240563724202314,4.440892098500626e-16,45.51495917554019,48.33279089167917,31.792963508558618,28.77734539796681,4.328654843111006,1.6646142044068695,275.1428437036148,0.5,1.0,1.0,0.0121,2.7755575615628914e-17,0.3145814793264869,1.1796119636642288e-16,0.3431580599179338,0.0,0.39902928075798516,-0.10188890317219221,-0.2661572592673691,-0.0,1.6595279521431572,-3.141592653589793,0.2661572592673691,-3.2594863563161576e-17,-0.857174797908419,-0.0,2.2719705828327617,-3.141592653589793,0.857174797908419,-1.0497363725683247e-16,-0.05701881211477308,-0.0,1.476664837489364,-0.09717140833290358,-0.0,1.4626514904820496,0.05701881211477308,-6.982790574754118e-18,0.03476649074400737,0.0,-0.9003774807029655,0.03476649074400737,0.0,0.0,-0.9051482536448666,0.0,0.3846948584535592,0.0,-0.8956834319649806,0.3846948584535592,0.1477408137169475,0.0,-0.9211847563750016,0.1477408137169475,0.1477408137169475,0.0,-0.9211847563750016,0.1477408137169475,0.34754691075160865,0.0,-0.9211847563750014,0.34754691075160865,0.059579725992778595,0.0,-0.8968108677328025,0.059579725992778595,0.0722328152495157,0.0,-0.8953136584685725,0.0722328152495157,0.37911807102991035,0.0,-0.9051482536448666,0.37911807102991035,0.0,0.0,-0.921952390996686,0.0,0.22176226123636067,0.0,-0.8684913945031085,0.22176226123636067,0.11297432297294013,0.3127804200076013,0.02481323524877123,0.0881610877241689,0.28796718475883004,0.0,0.0,0.0,0.0,0.0,-0.020807275672036107,-0.020807275672035885,0.00356661297016303,-0.024373888642199137,-0.024373888642198915
0.12,0.12,0.0144,0.020265881962649786,0.2079062070954796,0.0659402404371249,0.0659402404371249,0.0659402404371249,0.17867190033037245,0.01411251166480752,0.023335979984878602,0.11363399787208317,0.05276638961082751,0.16484802807031512,0.15579385275669613,0.19937442131829533,0.023697041746678988,0.09212904980998152,0.22805319158501375,4.440892098500626e-16,45.51495917554019,48.33279089167917,31.792963508558618,28.77734539796681,4.328654843111006,1.9810284746660265,275.1428437036148,0.5,1.0,1.0,0.0144,0.0,0.3616397361181798,1.457167719820518e-16,0.4001950679508133,0.0,0.4748778217285112,-0.12125621534541883,-0.312911736365954,-0.0,1.70158877581854,-3.141592653589793,0.312911736365954,-3.8320635635620597e-17,-6.537222486085707,-0.0,15.111691522058242,-3.141592653589793,6.537222486085707,-8.005788592898963e-16,-0.06576998478993436,-0.0,1.473528397795553,-0.11088422629914373,-0.0,1.4584893466862494,0.06576998478993436,-8.054500135296321e-18,0.040154421157603426,0.0,-0.8996304326624474,0.040154421157603426,0.0,0.0,-0.9051482536448666,0.0,0.45585652817084943,0.0,-0.8900532712843763,0.45585652817084943,0.1698413682867549,0.0,-0.9235836574963616,0.1698413682867549,0.1698413682867549,0.0,-0.9235836574963616,0.1698413682867549,0.3970358381263255,0.0,-0.9178031070133322,0.3970358381263255,0.06808887447171792,0.0,-0.8955908460500733,0.06808887447171792,0.08640647645771647,0.0,-0.8933838953869719,0.08640647645771647,0.43890175927108016,0.0,-0.8985350553588606,0.43890175927108016,0.0,0.0,-0.9248062466845042,0.0,0.22176226123636067,0.0,-0.8684913945031085,0.22176226123636067,0.12968694712915146,0.35688141696872205,0.027934453314114496,0.10175249381503697,0.32894696365460757,0.0,0.0,0.0,0.0,0.0,-0.023953224833914266,-0.018172674350884876,0.004039586612374024,-0.02799281144628829,-0.0222122609632589
0.13,0.13,0.016900000000000002,0.023043395094299517,0.23612447749896226,0.07419968275141532,0.07419968275141532,0.07419968275141532,0.19597562929560056,0.015586730769952935,0.0283740193031077,0.12374774249844953,0.05965562878766214,0.1805672151343286,0.16790284018671,0.22152624909959062,0.027025107920009415,0.08935296189395836,0.2591445811184244,4.440892098500626e-16,45.51495917554019,48.33279089167917,31.792963508558618,28.77734539796681,4.328654843111006,2.3249570292955455,275.1428437036148,0.5,1.0,1.0,0.016900000000000002,0.0,0.4078949190140341,1.734723475976807e-16,0.4579938664108852,0.0,0.5573218880008223,-0.1423076416206652,-0.36224372043278186,-0.0,1.7509302240171243,-3.141592653589793,0.36224372043278186,-4.4362061273923495e-17,-7.205239584928478,-0.0,14.80483100255492,-3.141592653589793,7.205239584928478,-8.823873594772464e-16,-0.07468921265413894,-0.0,1.470449194574727,-0.12442932136785295,-0.0,1.4546317456678801,0.07468921265413894,-9.146790520772725e-18,0.04565647147981524,0.0,-0.8988650345733423,0.04565647147981524,0.0,0.0,-0.9051482536448666,0.0,0.5160088160521653,0.0,-0.8565832719335829,0.5160088160521653,0.19156476527214253,0.0,-0.9259416201087202,0.19156476527214253,0.19156476527214253,0.0,-0.9259416201087202,0.19156476527214253,0.43760761448643604,0.0,-0.8991660445899247,0.43760761448643604,0.07650495895691024,0.0,-0.894375544094958,0.07650495895691024,0.10189465839397173,0.0,-0.8912751585360864,0.10189465839397173,0.48794594062332197,0.0,-0.8728738505816412,0.48794594062332197,0.0,0.0,-0.9277944736340197,0.0,0.22176226123636067,0.0,-0.8684913945031085,0.22176226123636067,0.14590829379232728,0.3919511430066208,0.030848487477095003,0.11505980631523229,0.3611026555295258,0.0,0.0,0.0,0.0,0.0,-0.02707658553537784,-0.00030101001658233706,0.004489490478384317,-0.03156607601376216,-0.004790500494966654
0.14,0.14,0.019600000000000003,0.025852018013886258,0.26417255072557355,0.08199433406343183,0.08199433406343183,0.08199433406343183,0.21158366116036986,0.016926671094055018,0.03403278544349928,0.13295728295589665,0.06620976044729948,0.19475623861655897,0.1777242414934954,0.2419423374456382,0.030412294312422858,0.08654582611090783,0.2900225597711412,4.440892098500626e-16,45.51495917554019,48.33279089167917,31.792963508558618,28.77734539796681,4.328654843111006,2.6963998682954253,275.1428437036148,0.5,1.0,1.0,0.019600000000000003,2.7755575615628914e-17,0.4522998271785973,2.3592239273284576e-16,0.5152243644609811,0.0,0.6463614795749182,-0.16504318199793122,-0.41378528973175654,-0.0,1.808111942398336,-3.141592653589793,0.41378528973175654,-5.067408306042558e-17,-7.8048042948397605,-0.0,14.497707695000699,-3.141592653589793,7.8048042948397605,-9.558128597647028e-16,-0.08369215096368904,-0.0,1.4674596044011423,-0.13763323547891834,-0.0,1.4511079186206108,0.08369215096368904,-1.0249332479143886e-17,0.051219770912448774,0.0,-0.8980883379769946,0.051219770912448774,0.0,0.0,-0.9051482536448666,0.0,0.5736293399645962,0.0,-0.8191149982339364,0.5736293399645962,0.21241919471695478,0.0,-0.9282052607799287,0.21241919471695478,0.21241919471695478,0.0,-0.9282052607799287,0.21241919471695478,0.47402195981692974,0.0,-0.8805130218294996,0.47402195981692974,0.08471553269993541,0.0,-0.8931809232216248,0.08471553269993541,0.11867458667864535,0.0,-0.8889905486784064,0.11867458667864535,0.5323492566935393,0.0,-0.8465248188315782,0.5323492566935393,0.0,0.0,-0.9308933017638665,0.0,0.22176226123636067,0.0,-0.8684913945031085,0.22176226123636067,0.161199423804506,0.42280218890448096,0.03349576178748664,0.12770366201701938,0.3893064271169943,0.0,0.0,0.0,0.0,0.0,-0.0301169228029341,0.017575316147494968,0.004907414755369821,-0.03502433755830392,0.012667901392125147
0.15,0.15,0.0225,0.02866763511346337,0.29147319301267116,0.08912984466050489,0.08912984466050489,0.08912984466050489,0.22524499304686135,0.018110228074546295,0.04031491629201578,0.1411145742851711,0.07225587228948407,0.20718200420940552,0.18500922113815105,0.26018335366189727,0.033830549485060084,0.08373174793431173,0.3200807126195304,4.440892098500626e-16,45.51495917554019,48.33279089167917,31.792963508558618,28.77734539796681,4.328654843111006,3.0953569916656662,275.1428437036148,0.5,1.0,1.0,0.0225,2.7755575615628914e-17,0.49393136137235194,2.3592239273284576e-16,0.5705601499249765,0.0,0.7419965964507987,-0.18946283647721693,-0.46717120677752727,-0.0,1.8736048372823213,-3.141592653589793,0.46717120677752727,-5.721197230339051e-17,-8.330418090942725,-0.0,14.202205213294368,-3.141592653589793,8.330418090942725,-1.0201819850632213e-15,-0.09270330775828259,-0.0,1.4645846547677508,-0.15035557213316023,-0.0,1.4479273788590554,0.09270330775828259,-1.1352880911655277e-17,0.05679651497414595,0.0,-0.8973067551409882,0.05679651497414595,0.0,0.0,-0.9051482536448666,0.0,0.6275275059991836,0.0,-0.7785943932590604,0.6275275059991836,0.23197113004143327,0.0,-0.9303275224375038,0.23197113004143327,0.23197113004143327,0.0,-0.9303275224375038,0.23197113004143327,0.5059449232024786,0.0,-0.8625657857147117,0.5059449232024786,0.09262910661291397,0.0,-0.8920202799355577,0.09262910661291397,0.1367036970164083,0.0,-0.886535861000124,0.1367036970164083,0.5714808339209522,0.0,-0.820615413248504,0.5714808339209522,0.0,0.0,-0.9340787580866534,0.0,0.22176226123636067,0.0,-0.8684913945031085,0.22176226123636067,0.17517461506728732,0.4491484082283327,0.03583259163876802,0.1393420234285193,0.4133158165895647,0.0,0.0,0.0,0.0,0.0,-0.033020767296515596,0.03474096942627658,0.005286475205430574,-0.03830724250194617,0.029454494220846006
0.16,0.16,0.0256,0.031468871004779915,0.31756010964160597,0.09545288673096178,0.09545288673096178,0.09545288673096178,0.2368575903463107,0.019123499229905687,0.047208464441359704,0.14816966449103225,0.0776541811890129,0.21775110189904845,0.18967034822571227,0.27601061460767407,0.03725431044733053,0.08093209251771509,0.3488300741459807,4.440892098500626e-16,45.51495917554019,48.33279089167917,31.792963508558618,28.77734539796681,4.328654843111006,3.5218283994062696,275.1428437036148,0.5,1.0,1.0,0.0256,1.3877787807814457e-17,0.5320512983955923,2.7755575615628914e-16,0.6227796534951926,0.0,0.8442272386284645,-0.21556660505852238,-0.522056203262835,-0.0,1.9477736480031447,-3.141592653589793,0.522056203262835,-6.393344583008508e-17,-8.78158243054948,-0.0,13.927753175078035,-3.141592653589793,8.78158243054948,-1.0754336815021055e-15,-0.10165639839372992,-0.0,1.4618425771001573,-0.1624895313953778,-0.0,1.4450840407576158,0.10165639839372992,-1.2449318290572948e-17,0.06234433617545171,0.0,-0.8965260082236218,0.06234433617545171,0.0,0.0,-0.9051482536448666,0.0,0.6768701469678408,0.0,-0.7361024413379795,0.6768701469678408,0.24987387030036412,0.0,-0.9322707724834207,0.24987387030036412,0.24987387030036412,0.0,-0.9322707724834207,0.24987387030036412,0.5333462258336417,0.0,-0.845897040655073,0.5333462258336417,0.10017589432152176,0.0,-0.8909040780012396,0.10017589432152176,0.15591595153417412,0.0,-0.8839200866466883,0.15591595153417412,0.605155144201911,0.0,-0.7961075627363202,0.605155144201911,0.0,0.0,-0.9373269681935367,0.0,0.22176226123636067,0.0,-0.8684913945031085,0.22176226123636067,0.1875295341249124,0.47100188965818995,0.037831558146070046,0.14969797597884238,0.4331703315121199,0.0,0.0,0.0,0.0,0.0,-0.03574476425979889,0.050628967568548844,0.005621930222382221,-0.04136669448218111,0.04500703734616662
0.17,0.17,0.028900000000000006,0.03423716128194322,0.34209481002132064,0.10086077719259923,0.10086077719259923,0.10086077719259923,0.2464418304515053,0.019960348088990366,0.054685190651588014,0.15414617559333704,0.08230801700261262,0.22648449518666855,0.1917567647360291,0.28936275925741795,0.040660625440436055,0.07816541404463648,0.3759161606563798,4.440892098500626e-16,45.51495917554019,48.33279089167917,31.792963508558618,28.77734539796681,4.328654843111006,3.975814091517235,275.1428437036148,0.5,1.0,1.0,0.028900000000000006,2.7755575615628914e-17,0.5661474203394673,3.0531133177191805e-16,0.6708617368036215,0.0,0.9530534061079151,-0.2433544877418476,-0.578132375216917,-0.0,2.0308667798773126,-3.141592653589793,0.578132375216917,-7.080079627928539e-17,-9.161573066333224,-0.0,13.680792281175432,-3.141592653589793,9.161573066333224,-1.1219691130839586e-15,-0.1104943499753567,-0.0,1.4592455478640887,-0.17396043900869895,-0.0,1.4425604974309552,0.1104943499753567,-1.3531655202118802e-17,0.06782644398758321,0.0,-0.8957511079834222,0.06782644398758321,0.0,0.0,-0.9051482536448666,0.0,0.7211997710540292,0.0,-0.6927271398116402,0.7211997710540292,0.2658868562249179,0.0,-0.9340088994507507,0.2658868562249179,0.2658868562249179,0.0,-0.9340088994507507,0.2658868562249179,0.5564248193616539,0.0,-0.8308979602805335,0.5564248193616539,0.1073070796621351,0.0,-0.8898399837191263,0.1073070796621351,0.17621859716165655,0.0,-0.8811558540736629,0.17621859716165655,0.633538010338389,0.0,-0.7737115673534133,0.633538010338389,0.0,0.0,-0.9406144487064332,0.0,0.22176226123636067,0.0,-0.8684913945031085,0.22176226123636067,0.19806041223733473,0.4885983753740707,0.03948063567455189,0.15857977656278283,0.4491177396995188,0.0,0.0,0.0,0.0,0.0,-0.03825779146732855,0.06485314770288864,0.005911124264295853,-0.0441689157316244,0.05894202343859278
0.18,0.18,0.0324,0.036956726031856374,0.36486608441226875,0.10530517433059262,0.10530517433059262,0.10530517433059262,0.2541092391576926,0.020621493545574646,0.0626993688201241,0.1591167969234271,0.08616835310309048,0.23348783056460815,0.19142445523955923,0.3003175441726805,0.044029188155180254,0.07544748232839309,0.40111789379976726,4.440892098500626e-16,45.51495917554019,48.33279089167917,31.792963508558618,28.77734539796681,4.328654843111006,4.45731406799856,275.1428437036148,0.5,1.0,1.0,0.0324,2.7755575615628914e-17,0.595949152833934,4.0245584642661925e-16,0.7140588041943416,0.0,1.0684750988891505,-0.2728264845271924,-0.6351446670554486,-0.0,2.1230144705504617,-3.141592653589793,0.6351446670554486,-7.778278835049665e-17,-9.476163366261783,-0.0,13.46479952863576,-3.141592653589793,9.476163366261783,-1.16049531346899e-15,-0.1191690305956174,-0.0,1.4568005281416287,-0.18472275824153908,-0.0,1.4403319881077603,0.1191690305956174,-1.4593997187641584e-17,0.07321157189006934,0.0,-0.8949863572982208,0.07321157189006934,0.0,0.0,-0.9051482536448666,0.0,0.7603976767884688,0.0,-0.6494577531561999,0.7603976767884688,0.2798830146075853,0.0,-0.9355281101987372,0.2798830146075853,0.2798830146075853,0.0,-0.9355281101987372,0.2798830146075853,0.5755313471973518,0.0,-0.817779718746559,0.5755313471973518,0.11399295191744628,0.0,-0.8888330632809186,0.11399295191744628,0.19748974494804072,0.0,-0.8782597586260248,0.19748974494804072,0.6570322311616038,0.0,-0.7538624856131289,0.6570322311616038,0.0,0.0,-0.9439183854577227,0.0,0.22176226123636067,0.0,-0.8684913945031085,0.22176226123636067,0.20667144271751597,0.5023197753072824,0.04078138002737694,0.165890062690139,0.4615383952799055,0.0,0.0,0.0,0.0,0.0,-0.040541752900516315,0.07720663855166188,0.0061532940173022466,-0.04669504691781856,0.07105334453435963
0.19,0.19,0.0361,0.03961446614198321,0.38577575189059543,0.1087896897541834,0.1087896897541834,0.1087896897541834,0.2600320335438232,0.021113305373078935,0.07118729285961908,0.16318248934347768,0.08923255365329011,0.23892261215550362,0.18890681186933306,0.30904979349805123,0.04734230144814351,0.07279138661030858,0.424332340837057,4.440892098500626e-16,45.51495917554019,48.33279089167917,31.792963508558618,28.77734539796681,4.328654843111006,4.966328328850247,275.1428437036148,0.5,1.0,1.0,0.0361,0.0,0.6214171172457141,3.608224830031759e-16,0.7519351598506488,0.0,1.1904923169721704,-0.30398259541455697,-0.6929025418516468,-0.0,2.2242352836196635,-3.141592653589793,0.6929025418516468,-8.485608799996842e-17,-9.732512637648924,-0.0,13.280688846909845,-3.141592653589793,9.732512637648924,-1.1918890449357918e-15,-0.12764077392748122,-0.0,1.4545101300332846,-0.19475612519702612,-0.0,1.4383697632547983,0.12764077392748122,-1.563148652309808e-17,0.07847377128301637,0.0,-0.8942353744886506,0.07847377128301637,0.0,0.0,-0.9051482536448666,0.0,0.7946125214793943,0.0,-0.6071169086001139,0.7946125214793943,0.29184385157092596,0.0,-0.9368263973124443,0.29184385157092596,0.29184385157092596,0.0,-0.9368263973124443,0.29184385157092596,0.5911006272753824,0.0,-0.8065978232270713,0.5911006272753824,0.12022030718600317,0.0,-0.8878860914418674,0.12022030718600317,0.21957718736322535,0.0,-0.8752525235641946,0.21957718736322535,0.6761722227765378,0.0,-0.7367435952524026,0.6761722227765378,0.0,0.0,-0.9472168924571687,0.0,0.22176226123636067,0.0,-0.8684913945031085,0.22176226123636067,0.2133700802879096,0.512626855992366,0.0417465359029868,0.17162354438492278,0.4708803200893792,0.0,0.0,0.0,0.0,0.0,-0.04259102282379368,0.08763755126157935,0.006349283046783283,-0.04894030587057696,0.08128826821479607
0.2,0.2,0.04000000000000001,0.04219980192673525,0.4048165420500474,0.11136243158243289,0.11136243158243289,0.11136243158243289,0.2644167505044025,0.021446478138652848,0.08006767229777324,0.1664567790991756,0.09153818745331341,0.24298134141212233,0.18448845028935879,0.31579304271947006,0.05058478772458437,0.07020769703308656,0.4455514223651146,4.440892098500626e-16,45.51495917554019,48.33279089167917,31.792963508558618,28.77734539796681,4.328654843111006,5.502856874072297,275.1428437036148,0.5,1.0,1.0,0.04000000000000001,2.7755575615628914e-17,0.6427109720296784,4.718447854656915e-16,0.7843663546041015,0.0,1.3191050603569758,-0.33682282040394124,-0.7512864356339205,-0.0,2.3344498224351233,-3.141592653589793,0.7512864356339205,-9.200605286419048e-17,-9.93830935607364,-0.0,13.127395234143398,-3.141592653589793,9.93830935607364,-1.2170918741851776e-15,-0.13587776206633528,-0.0,1.4523734567203639,-0.20406091819491862,-0.0,1.4366437196532322,0.13587776206633528,-1.6640226638984314e-17,0.08359209099978095,0.0,-0.8935011315579691,0.08359209099978095,0.0,0.0,-0.9051482536448666,0.0,0.8241771143683699,0.0,-0.5663321323670651,0.8241771143683699,0.30184434950134725,0.0,-0.9379118997428774,0.30184434950134725,0.30184434950134725,0.0,-0.9379118997428774,0.30184434950134725,0.6035996163731709,0.0,-0.7972875912204834,0.6035996163731709,0.1259894960974161,0.0,-0.8869999209634815,0.1259894960974161,0.24229886248231317,0.0,-0.8721589368646924,0.24229886248231317,0.6915423082180322,0.0,-0.7223359578094365,0.6915423082180322,0.0,0.0,-0.9504892471510415,0.0,0.22176226123636067,0.0,-0.8684913945031085,0.22176226123636067,0.21825225850156632,0.52000752537339,0.04239740509763516,0.17585485340393114,0.47761012027575483,0.0,0.0,0.0,0.0,0.0,-0.0444107681849083,0.09621354033748564,0.006501210594487605,-0.050911978779395906,0.08971232974299803
0.21,0.21,0.04409999999999999,0.04470447198092643,0.42204773856251976,0.11310527347972725,0.11310527347972725,0.11310527347972725,0.2674832838827972,0.02163472467698691,0.0892430689159608,0.16905492120523935,0.09315356493446636,0.24586785251285298,0.17848334120883846,0.3208084837493169,0.05374386131886391,0.06770466587911075,0.4648364355548719,4.440892098500626e-16,45.51495917554019,48.33279089167917,31.792963508558618,28.77734539796681,4.328654843111006,6.066899703664705,275.1428437036148,0.5,1.0,1.0,0.04409999999999999,5.551115123125783e-17,0.6601432093408257,4.440892098500626e-16,0.811503859355535,0.0,1.4543133290435653,-0.37134715949534514,-0.8102483728935813,-0.0,2.453499677739189,-3.141592653589793,0.8102483728935813,-9.922680763784755e-17,-10.10117154552675,-0.0,13.002493295451927,-3.141592653589793,10.10117154552675,-1.2370367400867657e-15,-0.14385532021865727,-0.0,1.450386880008201,-0.21265378673411486,-0.0,1.4351243043732569,0.14385532021865727,-1.7617195744609614e-17,0.08855017795400702,0.0,-0.8927860028511221,0.08855017795400702,0.0,0.0,-0.9051482536448666,0.0,0.8495309150472202,0.0,-0.5275388368442958,0.8495309150472202,0.31003126797718966,0.0,-0.9388005474847315,0.31003126797718966,0.31003126797718966,0.0,-0.9388005474847315,0.31003126797718966,0.6134909924164731,0.0,-0.7897017172476269,0.6134909924164731,0.13131143306201645,0.0,-0.8861738693842415,0.13131143306201645,0.26544530239213776,0.0,-0.8690075178662884,0.26544530239213776,0.7037212585324527,0.0,-0.7104761715142182,0.7037212585324527,0.0,0.0,-0.9537160980599662,0.0,0.22176226123636067,0.0,-0.8684913945031085,0.22176226123636067,0.22148109002318264,0.5249408144624661,0.04276125510800943,0.1787198349151732,0.48217955935445667,0.0,0.0,0.0,0.0,0.0,-0.04601454463360943,0.10308428560349514,0.00661213346688061,-0.05262667810049004,0.09647215213661453
0.22,0.22,0.0484,0.04712230788928438,0.43757260435392575,0.1141218814573901,0.1141218814573901,0.1141218814573901,0.2694493711023652,0.021693589176106608,0.09860245600084286,0.17108698052946678,0.09416693059906639,0.2477828547288798,0.1712171511079666,0.32436194663541246,0.0568089758510414,0.06528845294308186,0.482294535743055,4.440892098500626e-16,45.51495917554019,48.33279089167917,31.792963508558618,28.77734539796681,4.328654843111006,6.658456817627478,275.1428437036148,0.5,1.0,1.0,0.0484,1.3877787807814457e-16,0.6741275695038129,5.828670879282072e-16,0.8337157457059332,0.0,1.5961171230319406,-0.40755561268876883,-0.8698069956519393,-0.0,2.5811691438211284,-3.141592653589793,0.8698069956519393,-1.0652063531011233e-16,-10.22826306082519,-0.0,12.902756808100758,-3.141592653589793,10.22826306082519,-1.252600961827668e-15,-0.1515551671244575,-0.0,1.4485447335776849,-0.22056345437675434,-0.0,1.4337837681413788,0.1515551671244575,-1.8560155031320905e-17,0.09333582993067271,0.0,-0.8920918201960801,0.09333582993067271,0.0,0.0,-0.9051482536448666,0.0,0.8711577976821802,0.0,-0.4910031481951349,0.8711577976821802,0.31659891701429776,0.0,-0.9395134318872496,0.31659891701429776,0.31659891701429776,0.0,-0.9395134318872496,0.31659891701429776,0.6212098495308919,0.0,-0.783644257840129,0.6212098495308919,0.13620479610561387,0.0,-0.8854060902839083,0.13620479610561387,0.2887842584495274,0.0,-0.8658298875348542,0.2887842584495274,0.713249089295425,0.0,-0.7009106480994901,0.713249089295425,0.0,0.0,-0.9568796415835088,0.0,0.22176226123636067,0.0,-0.8684913945031085,0.22176226123636067,0.22326308708362505,0.5278740196002192,0.04286896617494115,0.1803941209086839,0.485005053425278,0.0,0.0,0.0,0.0,0.0,-0.04742161169116943,0.1084475623559511,0.006685729912171867,-0.0541073416033413,0.10176183244377923
0.23,0.23,0.0529,0.04944899782576995,0.45151972042882077,0.11452628448792149,0.11452628448792149,0.11452628448792149,0.2705199172610925,0.02163943882889417,0.10802487628217877,0.17265376522906417,0.09467603628281579,0.24891407726078774,0.16301317450013325,0.3267081067410227,0.059771657019963995,0.06296336200389811,0.4980593485176601,4.440892098500626e-16,45.51495917554019,48.33279089167917,31.792963508558618,28.77734539796681,4.328654843111006,7.277528215960612,275.1428437036148,0.5,1.0,1.0,0.0529,1.1102230246251565e-16,0.6851296861416327,5.551115123125783e-16,0.8515166005570103,0.0,1.7445164423221007,-0.4454481799842123,-0.9300380277542695,-0.0,2.717207219843683,-3.141592653589793,0.9300380277542695,-1.1389680937745833e-16,-10.32607287908014,-0.0,12.824613732442677,-3.141592653589793,10.32607287908014,-1.2645792099127787e-15,-0.1589646557870286,-0.0,1.4468399116006205,-0.2278269966459952,-0.0,1.4325968890084724,0.1589646557870286,-1.9467555688714534e-17,0.09794052638021336,0.0,-0.8914199312324691,0.09794052638021336,0.0,0.0,-0.9051482536448666,0.0,0.8895417770500849,0.0,-0.456853835359382,0.8895417770500849,0.3217659779237969,0.0,-0.9400742896779798,0.3217659779237969,0.3217659779237969,0.0,-0.9400742896779798,0.3217659779237969,0.6271502933891961,0.0,-0.7788982664647837,0.6271502933891961,0.1406935596722685,0.0,-0.884693907470525,0.1406935596722685,0.31206748180495125,0.0,-0.8626598452859281,0.31206748180495125,0.7206100390522303,0.0,-0.6933405884679933,0.7206100390522303,0.0,0.0,-0.9599637655577793,0.0,0.22176226123636067,0.0,-0.8684913945031085,0.22176226123636067,0.22382545154358355,0.5292097670089828,0.042753033292055126,0.18107241825152842,0.48645673371692766,0.0,0.0,0.0,0.0,0.0,-0.04865435844551069,0.11252166476768544,0.006726023761944089,-0.05538038220745478,0.10579564100574135
0.24,0.24,0.0576,0.05168184943524835,0.46402886042352176,0.1144332351319472,0.1144332351319472,0.1144332351319472,0.27088031337365326,0.021488658191706228,0.1173840448597434,0.17384472711049812,0.09477931402623771,0.24943019879480888,0.15418116515943106,0.32808054484807236,0.06262532886587058,0.060732078002196814,0.5122763217290236,4.440892098500626e-16,45.51495917554019,48.33279089167917,31.792963508558618,28.77734539796681,4.328654843111006,7.924113898664106,275.1428437036148,0.5,1.0,1.0,0.0576,1.3877787807814457e-16,0.6936252806757839,5.828670879282072e-16,0.8654987773739685,0.0,1.8995112869140447,-0.48502486138167533,-0.991061704391112,-0.0,2.8613477935198244,-3.141592653589793,0.991061704391112,-1.2137005440400957e-16,-10.400309550417685,-0.0,12.76448431178958,-3.141592653589793,10.400309550417685,-1.2736705801060666e-15,-0.16607603065267565,-0.0,1.4452643708724293,-0.2344866957333671,-0.0,1.4315412965940397,0.16607603065267565,-2.0338447935389695e-17,0.10235895783319948,0.0,-0.8907712582879773,0.10235895783319948,0.0,0.0,-0.9051482536448666,0.0,0.9051390762246738,0.0,-0.4251155756863588,0.9051390762246738,0.32575586967512293,0.0,-0.9405073718328246,0.32575586967512293,0.32575586967512293,0.0,-0.9405073718328246,0.32575586967512293,0.6316590307140993,0.0,-0.7752463278967042,0.6316590307140993,0.14480492853722368,0.0,-0.8840341005405996,0.14480492853722368,0.33503937520306326,0.0,-0.8595321910304072,0.33503937520306326,0.7262261242366388,0.0,-0.687455901477491,0.7262261242366388,0.0,0.0,-0.9629541580186965,0.0,0.22176226123636067,0.0,-0.8684913945031085,0.22176226123636067,0.22339691184192345,0.5293000728808999,0.0424459707040242,0.18095094113789925,0.48685410217687564,0.0,0.0,0.0,0.0,0.0,-0.049736113544847305,0.1155249303912731,0.006737157747377709,-0.056473271292225014,0.10878777264389539
0.25,0.25,0.0625,0.05381955989267494,0.47524108980433194,0.11395098816884677,0.11395098816884677,0.11395098816884677,0.27069289664196516,0.021257044593930262,0.12655360891681228,0.17473718746559921,0.09456927401062745,0.24947774143008378,0.1450085163451401,0.32868626737024254,0.06536513936740873,0.05859589702769672,0.5250924692993268,4.440892098500626e-16,45.51495917554019,48.33279089167917,31.792963508558618,28.77734539796681,4.328654843111006,8.598213865737963,275.1428437036148,0.5,1.0,1.0,0.0625,2.7755575615628914e-17,0.7000685998817469,7.216449660063518e-16,0.8762736104791233,0.0,2.0611016568077747,-0.5262856568811581,-1.0530288763133173,-0.0,3.0133265361375985,-3.141592653589793,1.0530288763133173,-1.2895884427868382e-16,-10.455873625584209,-0.0,12.719009600446261,-3.141592653589793,10.455873625584209,-1.2804752167860932e-15,-0.1728857200766064,-0.0,1.4438095405079272,-0.24058749648997071,-0.0,1.4305975168743257,0.1728857200766064,-2.1172394371010134e-17,0.10658856959712833,0.0,-0.890146355784828,0.10658856959712833,0.0,0.0,-0.9051482536448666,0.0,0.9183630177507621,0.0,-0.3957390145382606,0.9183630177507621,0.3287819258325454,0.0,-0.9408358346090147,0.3287819258325454,0.3287819258325454,0.0,-0.9408358346090147,0.3287819258325454,0.635033694678866,0.0,-0.7724844377866191,0.635033694678866,0.14856768492164218,0.0,-0.8834231380994839,0.14856768492164218,0.3574469605708145,0.0,-0.8564813680739871,0.3574469605708145,0.730457060198826,0.0,-0.6829586248124324,0.730457060198826,0.0,0.0,-0.9658383805253593,0.0,0.22176226123636067,0.0,-0.8684913945031085,0.22176226123636067,0.22219335623541708,0.5284451250817376,0.04197911532451386,0.1802142409109032,0.48646600975722376,0.0,0.0,0.0,0.0,0.0,-0.05068947882418662,0.11766191799820891,0.006723217685344118,-0.057412696509530736,0.11093870031286479
0.26,0.26,0.06760000000000001,0.05586199880015568,0.485292346673027,0.11317659185077918,0.11317659185077918,0.11317659185077918,0.2700957829303502,0.020959386294340535,0.13541266238379937,0.17539644866088544,0.09412823602966547,0.24918019088411347,0.13575344518494842,0.32870348944539796,0.06798778942004413,0.05655494345564598,0.5366497215429993,4.440892098500626e-16,45.51495917554019,48.33279089167917,31.792963508558618,28.77734539796681,4.328654843111006,9.299828117182182,275.1428437036148,0.5,1.0,1.0,0.06760000000000001,8.326672684688674e-17,0.7048715252384271,6.38378239159465e-16,0.8844270295267961,0.0,2.229287552003289,-0.5692305664826608,-1.1161073721856156,-0.0,3.172893747866172,-3.141592653589793,1.1161073721856156,-1.3668373208518778e-16,-10.496881269283023,-0.0,12.685187507837904,-3.141592653589793,10.496881269283023,-1.285497204745726e-15,-0.17939367680062632,-0.0,1.4424666469751124,-0.24617503451578918,-0.0,1.4297488372799343,0.17939367680062632,-2.196938920811618e-17,0.11062913096221,0.0,-0.889545464716583,0.11062913096221,0.0,0.0,-0.9051482536448666,0.0,0.9295779443684653,0.0,-0.3686256167762879,0.9295779443684653,0.33103758341905326,0.0,-0.9410806745969249,0.33103758341905326,0.33103758341905326,0.0,-0.9410806745969249,0.33103758341905326,0.6375242790547533,0.0,-0.770430265251643,0.6375242790547533,0.1520109235241902,0.0,-0.8828573603738863,0.1520109235241902,0.37905037728482766,0.0,-0.8535400337639065,0.37905037728482766,0.7336037507075526,0.0,-0.6795774694233256,0.7336037507075526,0.0,0.0,-0.9686059063004956,0.0,0.22176226123636067,0.0,-0.8684913945031085,0.22176226123636067,0.22040845245684326,0.5268951480925432,0.04138179256198021,0.17902665989486305,0.4855133555305631,0.0,0.0,0.0,0.0,0.0,-0.05153520988034188,0.11911519946493998,0.006688104342696732,-0.058223314223038614,0.11242709512224325
0.27,0.27,0.0729,0.0578100076711478,0.4943096621642285,0.11219341886666226,0.11219341886666226,0.11219341886666226,0.2692034084512006,0.020609196220773566,0.14385104676949406,0.17587648814726098,0.09352614466331963,0.24863870894863505,0.12664001457853552,0.3282817196626655,0.07049136780498128,0.0546083704831354,0.5470810024929318,4.440892098500626e-16,45.51495917554019,48.33279089167917,31.792963508558618,28.77734539796681,4.328654843111006,10.02895665299676,275.1428437036148,0.5,1.0,1.0,0.0729,5.551115123125783e-17,0.7083922206929483,7.771561172376096e-16,0.8904903736586555,0.0,2.404068972500588,-0.6138595901861829,-1.1804698591597826,-0.0,3.3398230338959745,-3.141592653589793,1.1804698591597826,-1.4456586345099547e-16,-10.5267202510146,-0.0,12.66043677158536,-3.141592653589793,10.5267202510146,-1.2891514260924653e-15,-0.18560277421645344,-0.0,1.441226964279042,-0.2512941747856689,-0.0,1.4289810688039808,0.18560277421645344,-2.272978433570486e-17,0.11448233735082923,0.0,-0.8889685632138478,0.11448233735082923,0.0,0.0,-0.9051482536448666,0.0,0.9390989169450732,0.0,-0.3436469470147969,0.9390989169450732,0.33269105142490735,0.0,-0.9412601500141976,0.33269105142490735,0.33269105142490735,0.0,-0.9412601500141976,0.33269105142490735,0.639336538794398,0.0,-0.7689270382568163,0.639336538794398,0.1551631278918353,0.0,-0.8823331162489343,0.1551631278918353,0.39963298955409493,0.0,-0.8507376833551673,0.39963298955409493,0.735913627499226,0.0,-0.6770754262716455,0.735913627499226,0.0,0.0,-0.9712481243135495,0.0,0.22176226123636067,0.0,-0.8684913945031085,0.22176226123636067,0.2182087140740781,0.5248542014435688,0.04068079054100608,0.17752792353307204,0.4841734109025627,0.0,0.0,0.0,0.0,0.0,-0.05229158680034984,0.12004152495703146,0.006635446964913472,-0.058927033765263315,0.11340607799211799
0.28,0.28,0.07840000000000001,0.05966521818164393,0.5024092563225437,0.11107047168744624,0.11107047168744624,0.11107047168744624,0.26810822393244615,0.020218571106265907,0.1517739678527365,0.1762210161839264,0.09282002981866623,0.24793390683058708,0.11785493643129763,0.32754339284607337,0.07287519368563788,0.05275454188580793,0.5565082409119848,4.440892098500626e-16,45.51495917554019,48.33279089167917,31.792963508558618,28.77734539796681,4.328654843111006,10.785599473181701,275.1428437036148,0.5,1.0,1.0,0.07840000000000001,8.326672684688674e-17,0.7109313651995479,8.049116928532385e-16,0.8949247366256685,0.0,2.5854459182996727,-0.6601727279917249,-1.2462839944419708,-0.0,3.513916175028352,-3.141592653589793,1.2462839944419708,-1.5262577046219373e-16,-10.548124980565664,-0.0,12.642608824320961,-3.141592653589793,10.548124980565664,-1.2917727494455978e-15,-0.191518262295121,-0.0,1.4400819998952505,-0.25598798379920956,-0.0,1.4282822601716234,0.191518262295121,-2.3454222689798318e-17,0.11815144973131886,0.0,-0.8884154126117267,0.11815144973131886,0.0,0.0,-0.9051482536448666,0.0,0.9471947397263122,0.0,-0.3206588920251611,0.9471947397263122,0.3338835414480105,0.0,-0.9413895886508887,0.3338835414480105,0.3338835414480105,0.0,-0.9413895886508887,0.3338835414480105,0.640636547285047,0.0,-0.7678442643418609,0.640636547285047,0.15805153250015602,0.0,-0.8818468613744701,0.15805153250015602,0.419010175222458,0.0,-0.8480994534032272,0.419010175222458,0.7375868263281554,0.0,-0.6752523036814903,0.7375868263281554,0.0,0.0,-0.973758311234076,0.0,0.22176226123636067,0.0,-0.8684913945031085,0.22176226123636067,0.21573209171669167,0.5224850975537282,0.039900082768837164,0.1758320089478545,0.482585014784891,0.0,0.0,0.0,0.0,0.0,-0.05297417603916199,0.12057114826986581,0.006568551237256637,-0.05954272727641863,0.11400259703260918
0.29,0.29,0.0841,0.06142989012883822,0.5096958921476361,0.10986294586065665,0.10986294586065665,0.10986294586065665,0.26688308467264354,0.01979814669804938,0.1591055272410286,0.17646473216633693,0.09205462355039132,0.24712824454517307,0.1095461340752113,0.3265864639024861,0.07513966742036282,0.05099119405515845,0.5650416767445094,4.440892098500626e-16,45.51495917554019,48.33279089167917,31.792963508558618,28.77734539796681,4.328654843111006,11.569756577737001,275.1428437036148,0.5,1.0,1.0,0.0841,1.1102230246251565e-16,0.7127337946811119,8.881784197001252e-16,0.8981159315814072,0.0,2.773418389400541,-0.7081699798992863,-1.3137052129213482,-0.0,3.6950048504790916,-3.141592653589793,1.3137052129213482,-1.6088248840273212e-16,-10.563260888848689,-0.0,12.629965078516696,-3.141592653589793,10.563260888848689,-1.2936263636086972e-15,-0.1971472840969445,-0.0,1.439023626967502,-0.2602970549014428,-0.0,1.4276424009724935,0.1971472840969445,-2.4143579042991697e-17,0.12164097315769759,0.0,-0.8878855987443932,0.12164097315769759,0.0,0.0,-0.9051482536448666,0.0,0.9540926289379974,0.0,-0.2995116949405824,0.9540926289379974,0.3347300388287332,0.0,-0.9414814715721714,0.3347300388287332,0.3347300388287332,0.0,-0.9414814715721714,0.3347300388287332,0.6415558211882597,0.0,-0.7670763510234543,0.6415558211882597,0.16070171421097895,0.0,-0.881395224404,0.16070171421097895,0.4370360031992051,0.0,-0.8456452126228223,0.4370360031992051,0.7387826003080777,0.0,-0.6739438177489538,0.7387826003080777,0.0,0.0,-0.9761315738901144,0.0,0.22176226123636067,0.0,-0.8684913945031085,0.22176226123636067,0.2130890656710356,0.5199148480305621,0.03906074105328136,0.17402832461775425,0.48085410697728076,0.0,0.0,0.0,0.0,0.0,-0.053595872827778224,0.12080924772093893,0.006490374340393235,-0.06008624716817146,0.1143188733805457
0.3,0.3,0.09,0.0631067690981306,0.5162630250810923,0.10861357620313042,0.10861357620313042,0.10861357620313042,0.2655839741298629,0.019357122830124106,0.1657908974022489,0.17663465272659845,0.0912636836334814,0.2462687124389531,0.1018230109942401,0.32548750923052944,0.07728612999825685,0.04931557831653151,0.5727799861510652,4.440892098500626e-16,45.51495917554019,48.33279089167917,31.792963508558618,28.77734539796681,4.328654843111006,12.381427966662665,275.1428437036148,0.5,1.0,1.0,0.09,5.551115123125783e-17,0.7139935481722008,7.494005416219807e-16,0.9003768811882296,0.0,2.967986385803195,-0.7578513459088677,-1.3828721206383696,-0.0,3.882949991472013,-3.141592653589793,1.3828721206383696,-1.6935299161698917e-16,-10.573810978916178,-0.0,12.621133858436938,-3.141592653589793,10.573810978916178,-1.2949183770118839e-15,-0.20249845159618068,-0.0,1.4380441726354973,-0.2642591108434072,-0.0,1.4270531366167174,0.20249845159618068,-2.479890805795579e-17,0.1249563744328066,0.0,-0.8873785684302288,0.1249563744328066,0.0,0.0,-0.9051482536448666,0.0,0.959983453418038,0.0,-0.28005672490332695,0.959983453418038,0.33532167253283646,0.0,-0.9415456903568961,0.33532167253283646,0.33532167253283646,0.0,-0.9415456903568961,0.33532167253283646,0.6421965770843869,0.0,-0.7665399900729883,0.6421965770843869,0.16313736111892785,0.0,-0.8809750480924552,0.16313736111892785,0.4536072616937295,0.0,-0.8433890134383878,0.4536072616937295,0.7396256007719038,0.0,-0.6730185515145928,0.7396256007719038,0.0,0.0,-0.9783647654550416,0.0,0.22176226123636067,0.0,-0.8684913945031085,0.22176226123636067,0.21036529810002985,0.5172402026515803,0.03818098668612124,0.1721843114139086,0.4790592159654591,0.0,0.0,0.0,0.0,0.0,-0.05416712192666728,0.12083857835724043,0.006403520337773583,-0.060570642264440866,0.11443505801946685
0.31,0.31,0.0961,0.06469896315965726,0.522193419622601,0.10735437941866105,0.10735437941866105,0.10735437941866105,0.26425278697059984,0.018903336297351435,0.1717970344045019,0.17675141632855473,0.09047165992520087,0.24538953617333795,0.09475830026410731,0.3243049931586709,0.07931673112805565,0.04772458420781706,0.5798108877053004,4.440892098500626e-16,45.51495917554019,48.33279089167917,31.792963508558618,28.77734539796681,4.328654843111006,13.220613639958692,275.1428437036148,0.5,1.0,1.0,0.0961,5.551115123125783e-17,0.7148606832504405,8.604228440844963e-16,0.9019545528523278,0.0,3.1691499075076344,-0.8092168260204688,-1.453904197546483,-0.0,4.07763953271539,-3.141592653589793,1.453904197546483,-1.7805191217922015e-16,-10.581059308408081,-0.0,12.615057764528165,-3.141592653589793,10.581059308408081,-1.2958060413630264e-15,-0.20758147802280616,-0.0,1.437136471382313,-0.26790881637151936,-0.0,1.426507507800351,0.20758147802280616,-2.542139926229062e-17,0.128103837544012,0.0,-0.8868936612846925,0.128103837544012,0.0,0.0,-0.9051482536448666,0.0,0.9650269176804979,0.0,-0.26215081184706934,0.9650269176804979,0.33572891596730664,0.0,-0.9415898945296254,0.33572891596730664,0.33572891596730664,0.0,-0.9415898945296254,0.33572891596730664,0.6426368017487545,0.0,-0.7661709607118585,0.6426368017487545,0.16538017369567687,0.0,-0.8805834112269579,0.16538017369567687,0.46866462631265426,0.0,-0.8413389329460597,0.46866462631265426,0.7402117848784187,0.0,-0.6723737900357999,0.7402117848784187,0.0,0.0,-0.9804563790405298,0.0,0.22176226123636067,0.0,-0.8684913945031085,0.22176226123636067,0.20762507842329464,0.5145329642047425,0.03727633615166487,0.17034874227162977,0.4772566280530776,0.0,0.0,0.0,0.0,0.0,-0.05469623324493289,0.12072270057283396,0.006310250057734557,-0.06100648330266745,0.1144124505150994
0.32,0.32,0.1024,0.06620983745255024,0.5275600104391049,0.10610850898061648,0.10610850898061648,0.10610850898061648,0.26291997813377366,0.018443363831747134,0.17711199285588736,0.1768304971818313,0.08969543830889637,0.24451472436744165,0.08839128050855341,0.3230824520575075,0.08123430587911291,0.046214844861990095,0.5862120014600852,4.440892098500626e-16,45.51495917554019,48.33279089167917,31.792963508558618,28.77734539796681,4.328654843111006,14.087313597625078,275.1428437036148,0.5,1.0,1.0,0.1024,1.6653345369377348e-16,0.7154486550177825,8.049116928532385e-16,0.90303915161234,0.0,3.376908954513858,-0.8622664202340895,-1.526901361211391,-0.0,4.278985233189416,-3.141592653589793,1.526901361211391,-1.8699148646212666e-16,-10.585967787978337,-0.0,12.610939080112818,-3.141592653589793,10.585967787978337,-1.2964071567424658e-15,-0.21240686291365982,-0.0,1.4362938911607959,-0.27127774415170613,-0.0,1.4259997202221169,0.21240686291365982,-2.6012338478414413e-17,0.13109005460233192,0.0,-0.8864301371175518,0.13109005460233192,0.0,0.0,-0.9051482536448666,0.0,0.9693563535603146,0.0,-0.24565882807717315,0.9693563535603146,0.3360050524631225,0.0,-0.9416198677209028,0.3360050524631225,0.3360050524631225,0.0,-0.9416198677209028,0.3360050524631225,0.642934916476263,0.0,-0.7659208139068038,0.642934916476263,0.16744986088678565,0.0,-0.8802176364392587,0.16744986088678565,0.4821910935608932,0.0,-0.8394972861946168,0.4821910935608932,0.7406137911887032,0.0,-0.6719309579868274,0.7406137911887032,0.0,0.0,-0.9824064226833245,0.0,0.22176226123636067,0.0,-0.8684913945031085,0.22176226123636067,0.2049149978607906,0.5118448618739311,0.03635980628445373,0.16855519157633686,0.47548505558947735,0.0,0.0,0.0,0.0,0.0,-0.05518973060335097,0.12050932321074803,0.0062125006782931536,-0.061402231281644126,0.11429682253245488
0.33,0.33,0.10890000000000001,0.06764292522661206,0.5324268632670773,0.10489203364921862,0.10489203364921862,0.10489203364921862,0.2616069549159848,0.017982641569765975,0.18174305234684826,0.17688328631974232,0.08894598885971561,0.2436603460356816,0.08273206241168887,0.32185143062667343,0.08304225973670873,0.04478282592525916,0.5920518127761039,4.440892098500626e-16,45.51495917554019,48.33279089167917,31.792963508558618,28.77734539796681,4.328654843111006,14.981527839661828,275.1428437036148,0.5,1.0,1.0,0.10890000000000001,2.7755575615628914e-17,0.715841454201169,9.71445146547012e-16,0.9037739331597178,0.0,3.5912635268218667,-0.9170001285497301,-1.6019448906227265,-0.0,4.486919100974896,-3.141592653589793,1.6019448906227265,-1.961816682711579e-16,-10.589244084304303,-0.0,12.608188141579186,-3.141592653589793,10.589244084304303,-1.296808387323331e-15,-0.2169856254649238,-0.0,1.435510338895132,-0.2743944480077595,-0.0,1.425524945842499,0.2169856254649238,-2.6573075168660536e-17,0.1339220494437658,0.0,-0.885987199247113,0.1339220494437658,0.0,0.0,-0.9051482536448666,0.0,0.9730829726852764,0.0,-0.23045504609356127,0.9730829726852764,0.33618952763027155,0.0,-0.941639891548085,0.33618952763027155,0.33618952763027155,0.0,-0.941639891548085,0.33618952763027155,0.6431339011460518,0.0,-0.7657537366521043,0.6431339011460518,0.1693642013574149,0.0,-0.8798752880045867,0.1693642013574149,0.4942080916904362,0.0,-0.8378611556986629,0.4942080916904362,0.7408856867102587,0.0,-0.6716311481965891,0.7408856867102587,0.0,0.0,-0.9842162798775329,0.0,0.22176226123636067,0.0,-0.8684913945031085,0.22176226123636067,0.20226747818650576,0.5092118517022861,0.035442151913649106,0.16682532627285665,0.4737696997886369,0.0,0.0,0.0,0.0,0.0,-0.05565269230097203,0.12023346259500867,0.006111911242526302,-0.06176460354349833,0.11412155135248236
0.34,0.34,0.11560000000000002,0.06900185375842945,0.5368501458185877,0.10371552972852699,0.10371552972852699,0.10371552972852699,0.26032814717710334,0.017525590962685175,0.18571396266799808,0.17691801893069556,0.08822982007988475,0.24283648078473186,0.07776659066952715,0.3206340733869353,0.08474446194906707,0.04342489959529255,0.5973906491204715,4.440892098500626e-16,45.51495917554019,48.33279089167917,31.792963508558618,28.77734539796681,4.328654843111006,15.90325636606894,275.1428437036148,0.5,1.0,1.0,0.11560000000000002,8.326672684688674e-17,0.7161000311451902,9.992007221626409e-16,0.9042645818671813,0.0,3.8122136244316605,-0.9734179509673904,-1.6790992306986192,-0.0,4.7013898114440345,-3.141592653589793,1.6790992306986192,-2.0563034983258472e-16,-10.591399601022825,-0.0,12.606377472608266,-3.141592653589793,10.591399601022825,-1.2970723619883156e-15,-0.22132908149179645,-0.0,1.4347802508369327,-0.2772846073203,-0.0,1.4250791543335397,0.22132908149179645,-2.710499512071522e-17,0.13660703074908864,0.0,-0.8855640141059853,0.13660703074908864,0.0,0.0,-0.9051482536448666,0.0,0.976299542091273,0.0,-0.21642366809656194,0.976299542091273,0.3363109663373436,0.0,-0.9416530730929034,0.3363109663373436,0.3363109663373436,0.0,-0.9416530730929034,0.3363109663373436,0.643264815672635,0.0,-0.7656437663284741,0.643264815672635,0.17113914684917836,0.0,-0.8795541628586303,0.17113914684917836,0.5047698746873659,0.0,-0.8364231547048507,0.5047698746873659,0.741067041738192,0.0,-0.6714310386401607,0.741067041738192,0.0,0.0,-0.9858885598266864,0.0,0.22176226123636067,0.0,-0.8684913945031085,0.22176226123636067,0.19970393558825494,0.5066577849235464,0.034532116100089716,0.16517181948816523,0.4721256688234567,0.0,0.0,0.0,0.0,0.0,-0.05608905898691807,0.1199202477775112,0.00600985124735498,-0.06209891023427305,0.11391039653015622
0.35000000000000003,0.35000000000000003,0.12250000000000003,0.07029028350831518,0.5408790562124262,0.10258543621335575,0.10258543621335575,0.10258543621335575,0.25909273544871025,0.01707574403115394,0.18906165740932712,0.17694054380738966,0.08755019690869426,0.2420488274256416,0.07346197846359319,0.319445328997077,0.08634514707856764,0.04213740541461446,0.6022816161965407,4.440892098500626e-16,45.51495917554019,48.33279089167917,31.792963508558618,28.77734539796681,4.328654843111006,16.85249917684641,275.1428437036148,0.5,1.0,1.0,0.12250000000000003,2.7755575615628914e-17,0.7162677812990377,1.2212453270876722e-15,0.9045875609698054,0.0,4.039759247343239,-1.0315198874870704,-1.7584142658954656,-0.0,4.922359374812178,-3.141592653589793,1.7584142658954656,-2.1534364023039247e-16,-10.592797449956162,-0.0,12.605202920803531,-3.141592653589793,10.592797449956162,-1.297243549110506e-15,-0.2254486592487896,-0.0,1.4340985722317345,-0.27997121501712674,-0.0,1.4246589719668272,0.2254486592487896,-2.760949789210925e-17,0.13915227143829778,0.0,-0.8851597275291272,0.13915227143829778,0.0,0.0,-0.9051482536448666,0.0,0.9790835056481823,0.0,-0.20345881393458065,0.9790835056481823,0.3363897489290066,0.0,-0.9416616245365734,0.3363897489290066,0.3363897489290066,0.0,-0.9416616245365734,0.3363897489290066,0.6433497135209187,0.0,-0.7655724303503567,0.6433497135209187,0.17278895035765773,0.0,-0.8792522773053976,0.17278895035765773,0.51395688897931,0.0,-0.835172330323605,0.51395688897931,0.7411863337753098,0.0,-0.671299350978917,0.7411863337753098,0.0,0.0,-0.9874269414817924,0.0,0.22176226123636067,0.0,-0.8684913945031085,0.22176226123636067,0.1972374774907088,0.504197442082621,0.03363667891935995,0.16360079857134885,0.470560763163261,0.0,0.0,0.0,0.0,0.0,-0.05650189700744623,0.11958729717877048,0.005907450223729627,-0.06240934723117586,0.11367984695504085
0.36,0.36,0.1296,0.0715118589075957,0.5445566810008102,0.10150516253800601,0.10150516253800601,0.10150516253800601,0.2579060482960198,0.0166358632074058,0.19183277582635452,0.17695494284249555,0.0869081180414608,0.24129998652329399,0.06977179899944354,0.3182947656078555,0.08784882470268776,0.04091669943107129,0.6067714648036775,4.440892098500626e-16,45.51495917554019,48.33279089167917,31.792963508558618,28.77734539796681,4.328654843111006,17.82925627199424,275.1428437036148,0.5,1.0,1.0,0.1296,2.7755575615628914e-17,0.7163750392380503,1.0547118733938987e-15,0.9047971763324554,0.0,4.273900395556602,-1.0913059381087695,-1.83992774128634,-0.0,5.1498001985461626,-3.141592653589793,1.83992774128634,-2.2532616190287357e-16,-10.593691003916486,-0.0,12.604451967617255,-3.141592653589793,10.593691003916486,-1.2973529779102437e-15,-0.22935574948010393,-0.0,1.4334607298465836,-0.2824747887335983,-0.0,1.4242615645954446,0.22935574948010393,-2.808797844668515e-17,0.14156501114215642,0.0,-0.8847734781123452,0.14156501114215642,0.0,0.0,-0.9051482536448666,0.0,0.9814996033751207,0.0,-0.19146417047186876,0.9814996033751207,0.3364401218092577,0.0,-0.9416670922527134,0.3364401218092577,0.3364401218092577,0.0,-0.9416670922527134,0.3364401218092577,0.6434039831968099,0.0,-0.7655268214807883,0.6434039831968099,0.1743263065292745,0.0,-0.878967851257296,0.1743263065292745,0.5218687832284973,0.0,-0.8340951152552236,0.5218687832284973,0.7412637174644174,0.0,-0.6712139012049977,0.7412637174644174,0.0,0.0,-0.9888360152085326,0.0,0.22176226123636067,0.0,-0.8684913945031085,0.22176226123636067,0.19487511066710128,0.5018389720546534,0.03276129538711808,0.1621138152799832,0.4690776766675354,0.0,0.0,0.0,0.0,0.0,-0.0568936141403682,0.11924665663155687,0.005805626855049151,-0.06269924099541735,0.11344102977650772
0.37,0.37,0.1369,0.07267016923955855,0.5479207704985495,0.10047596384439672,0.10047596384439672,0.10047596384439672,0.2567706601638147,0.016208052804864325,0.19408028360135882,0.17696401613420282,0.08630307107326715,0.24059045088012584,0.06664100192346539,0.317188022985878,0.08926019722767572,0.03975919326337487,0.6109013757351078,4.440892098500626e-16,45.51495917554019,48.33279089167917,31.792963508558618,28.77734539796681,4.328654843111006,18.833527651512433,275.1428437036148,0.5,1.0,1.0,0.1369,5.551115123125783e-17,0.7164426353445618,7.216449660063518e-16,0.9049313165934996,0.0,4.514637069071749,-1.1527761028324888,-1.9236676029986595,-0.0,5.383692606060342,-3.141592653589793,1.9236676029986595,-2.35581337263577e-16,-10.594254052196773,-0.0,12.60397871975131,-3.141592653589793,10.594254052196773,-1.2974219314376654e-15,-0.23306158530123527,-0.0,1.4328626001305786,-0.28481359047300825,-0.0,1.4238845412903878,0.23306158530123527,-2.854181244433656e-17,0.14385237870007286,0.0,-0.8844044080140502,0.14385237870007286,0.0,0.0,-0.9051482536448666,0.0,0.9836020518062489,0.0,-0.18035244296248742,0.9836020518062489,0.3364718678096944,0.0,-0.9416705381171963,0.3364718678096944,0.3364718678096944,0.0,-0.9416705381171963,0.3364718678096944,0.6434381797300233,0.0,-0.7654980789431898,0.6434381797300233,0.17576249538187672,0.0,-0.8786992913408571,0.17576249538187672,0.528617634107645,0.0,-0.8331762501096199,0.528617634107645,0.7413132225108793,0.0,-0.6711592256167949,0.7413132225108793,0.0,0.0,-0.9901211256079345,0.0,0.22176226123636067,0.0,-0.8684913945031085,0.22176226123636067,0.19261948910962154,0.4995858010299504,0.03191011668180385,0.1607093724278177,0.46767568434814655,0.0,0.0,0.0,0.0,0.0,-0.05726613010314607,0.1189063290708604,0.005705116673193067,-0.06297124677633914,0.11320121239766734
0.38,0.38,0.1444,0.0737687181836352,0.5510044287111726,0.09949761221249637,0.09949761221249637,0.09949761221249637,0.25568723126593607,0.01579386048758183,0.19586041090237655,0.17696965214206548,0.08573359579229975,0.2399193471612861,0.06401019781027824,0.3161279433871233,0.09058408577359067,0.0386613845033345,0.6147076597590855,4.440892098500626e-16,45.51495917554019,48.33279089167917,31.792963508558618,28.77734539796681,4.328654843111006,19.86531331540099,275.1428437036148,0.5,1.0,1.0,0.1444,0.0,0.7164846273360894,8.326672684688674e-16,0.905015964556452,0.0,4.761969267888682,-1.2159303816582279,-2.009654114686748,-0.0,5.624022814345093,-3.141592653589793,2.009654114686748,-2.461116478944434e-16,-10.594603794524225,-0.0,12.603684736119217,-3.141592653589793,10.594603794524225,-1.2974647625198494e-15,-0.23657714781886924,-0.0,1.4323004751251733,-0.28700384459459355,-0.0,1.4235258753783602,0.23657714781886924,-2.897234468277884e-17,0.14602133184470512,0.0,-0.8840516715490656,0.14602133184470512,0.0,0.0,-0.9051482536448666,0.0,0.9854363494107472,0.0,-0.17004470371058272,0.9854363494107472,0.336491589031081,0.0,-0.9416726787539823,0.336491589031081,0.336491589031081,0.0,-0.9416726787539823,0.336491589031081,0.6434594212035091,0.0,-0.7654802239538556,0.6434594212035091,0.17710752330393453,0.0,-0.8784451738040446,0.17710752330393453,0.5343218180362501,0.0,-0.832399617777692,0.5343218180362501,0.7413444559841327,0.0,-0.6711247258010917,0.7413444559841327,0.0,0.0,-0.9912882186216352,0.0,0.22176226123636067,0.0,-0.8684913945031085,0.22176226123636067,0.1904702571863759,0.49743808935880396,0.031086191459229418,0.15938406572714647,0.46635189789957454,0.0,0.0,0.0,0.0,0.0,-0.0576210072049167,0.11857144759520999,0.005606497745020977,-0.06322750494993767,0.11296494985018901
0.39,0.39,0.1521,0.07481090071718324,0.553836720747265,0.09856889760617499,0.09856889760617499,0.09856889760617499,0.25465513425569325,0.015394368067926536,0.1972300470454019,0.17697310332577648,0.08519769000750514,0.23928497418932398,0.06181915147234625,0.3151154304519452,0.09182536406213013,0.03761987976145097,0.6182223753948355,4.440892098500626e-16,45.51495917554019,48.33279089167917,31.792963508558618,28.77734539796681,4.328654843111006,20.924613263659907,275.1428437036148,0.5,1.0,1.0,0.1521,2.7755575615628914e-17,0.7165103423333677,9.43689570931383e-16,0.905068641771568,0.0,5.0158969920074,-1.2807687745859866,-2.097901676150027,-0.0,5.870781336196683,-3.141592653589793,2.097901676150027,-2.5691885726229974e-16,-10.594817956376616,-0.0,12.603504709471537,-3.141592653589793,10.594817956376616,-1.2974909897825524e-15,-0.23991309374452008,-0.0,1.4317710277016091,-0.2890599473868445,-0.0,1.4231838399551306,0.23991309374452008,-2.938088023277654e-17,0.1480786114815781,0.0,-0.8837144418944374,0.1480786114815781,0.0,0.0,-0.9051482536448666,0.0,0.9870407666594595,0.0,-0.1604697010413702,0.9870407666594595,0.3365036658851627,0.0,-0.9416739896341553,0.3365036658851627,0.3365036658851627,0.0,-0.9416739896341553,0.3365036658851627,0.6434724282459863,0.0,-0.7654692901006638,0.6434724282459863,0.1783702574274327,0.0,-0.8782042278573807,0.1783702574274327,0.539100802353917,0.0,-0.8317489526200934,0.539100802353917,0.7413638904339733,0.0,-0.6711032573014406,0.7413638904339733,0.0,0.0,-0.9923436956075086,0.0,0.22176226123636067,0.0,-0.8684913945031085,0.22176226123636067,0.18842505440358456,0.4953938167644082,0.030291645945854595,0.15813340845772997,0.46510217081855354,0.0,0.0,0.0,0.0,0.0,-0.0579595477397179,0.1182451517937736,0.005510214037056649,-0.06346976177677455,0.11273493775671695
0.4,0.4,0.16000000000000003,0.07579998620217847,0.5564432036044811,0.09768799228888304,0.09768799228888304,0.09768799228888304,0.2536729107412812,0.015010271621000739,0.19824465767503807,0.1769751867055724,0.08469309144382568,0.23868518113419362,0.06000942860658504,0.31415008617699913,0.09298890019145369,0.036631411529436456,0.621473870239402,4.440892098500626e-16,45.51495917554019,48.33279089167917,31.792963508558618,28.77734539796681,4.328654843111006,22.011427496289187,275.1428437036148,0.5,1.0,1.0,0.16000000000000003,2.7755575615628914e-17,0.7165258662456463,8.326672684688674e-16,0.9051009714117215,0.0,5.276420241427903,-1.347291281615765,-2.188420321883222,-0.0,6.123961752486163,-3.141592653589793,2.188420321883222,-2.6800419423833083e-16,-10.594947239227373,-0.0,12.6033960299762,-3.141592653589793,10.594947239227373,-1.297506822365489e-15,-0.24307970162434786,-0.0,1.431271277266939,-0.2909946640384711,-0.0,1.4228569553286048,0.24307970162434786,-2.9768677853195127e-17,0.1500307082360569,0.0,-0.8833919161960001,0.1500307082360569,0.0,0.0,-0.9051482536448666,0.0,0.9884475736203169,0.0,-0.15156316902238476,0.9884475736203169,0.33651095657321284,0.0,-0.9416747810007104,0.33651095657321284,0.33651095657321284,0.0,-0.9416747810007104,0.33651095657321284,0.6434802801930655,0.0,-0.7654626894909078,0.6434802801930655,0.17955855103931034,0.0,-0.8779753198540862,0.17955855103931034,0.5430709842324003,0.0,-0.83120840700497,0.5430709842324003,0.7413758170348455,0.0,-0.6710900818190619,0.7413758170348455,0.0,0.0,-0.993294276595819,0.0,0.22176226123636067,0.0,-0.8684913945031085,0.22176226123636067,0.18648024833715593,0.49344957195700856,0.029527842803253435,0.1569524055339025,0.4639217291537551,0.0,0.0,0.0,0.0,0.0,-0.058282864804710344,0.11792922670509232,0.005416596341913937,-0.06369946114662428,0.11251263036317838
